id,Time,Time_of_day,Visitors,Day,MonthName,year,Month,Date,day
1,12:00,PM,15,14,January,2014,1,1/14/2014,Tuesday
2,13:00,PM,58,17,January,2014,1,1/17/2014,Friday
3,12:30,PM,24,18,January,2014,1,1/18/2014,Saturday
4,13:30,PM,56,21,January,2014,1,1/21/2014,Tuesday
5,11:30,AM,50,22,January,2014,1,1/22/2014,Wednesday
6,11:30,AM,24,5,February,2014,2,2/5/2014,Wednesday
7,13:00,PM,94,6,February,2014,2,2/6/2014,Thursday
8,12:00,PM,69,8,February,2014,2,2/8/2014,Saturday
9,13:00,PM,83,10,February,2014,2,2/10/2014,Monday
10,12:00,PM,49,11,February,2014,2,2/11/2014,Tuesday
11,13:00,PM,36,12,February,2014,2,2/12/2014,Wednesday
12,11:00,AM,83,13,February,2014,2,2/13/2014,Thursday
13,12:00,PM,47,13,February,2014,2,2/13/2014,Thursday
14,13:00,PM,139,13,February,2014,2,2/13/2014,Thursday
15,12:00,PM,69,14,February,2014,2,2/14/2014,Friday
16,11:00,AM,61,15,February,2014,2,2/15/2014,Saturday
17,12:00,PM,220,15,February,2014,2,2/15/2014,Saturday
18,12:30,PM,40,15,February,2014,2,2/15/2014,Saturday
19,13:00,PM,90,15,February,2014,2,2/15/2014,Saturday
20,11:30,AM,54,17,February,2014,2,2/17/2014,Monday
21,12:00,PM,159,18,February,2014,2,2/18/2014,Tuesday
22,12:30,PM,171,18,February,2014,2,2/18/2014,Tuesday
23,17:00,PM,24,18,February,2014,2,2/18/2014,Tuesday
24,18:00,PM,100,18,February,2014,2,2/18/2014,Tuesday
25,12:00,PM,34,19,February,2014,2,2/19/2014,Wednesday
26,17:00,PM,53,19,February,2014,2,2/19/2014,Wednesday
27,13:00,PM,17,20,February,2014,2,2/20/2014,Thursday
28,12:00,PM,110,21,February,2014,2,2/21/2014,Friday
29,12:30,PM,93,22,February,2014,2,2/22/2014,Saturday
30,7:30,AM,96,25,February,2014,2,2/25/2014,Tuesday
31,13:00,PM,21,25,February,2014,2,2/25/2014,Tuesday
32,17:30,PM,119,25,February,2014,2,2/25/2014,Tuesday
33,12:00,PM,50,26,February,2014,2,2/26/2014,Wednesday
34,12:30,PM,132,26,February,2014,2,2/26/2014,Wednesday
35,18:00,PM,84,26,February,2014,2,2/26/2014,Wednesday
36,11:30,AM,22,27,February,2014,2,2/27/2014,Thursday
37,12:00,PM,106,27,February,2014,2,2/27/2014,Thursday
38,11:00,AM,294,28,February,2014,2,2/28/2014,Friday
39,11:30,AM,134,28,February,2014,2,2/28/2014,Friday
40,12:30,PM,61,28,February,2014,2,2/28/2014,Friday
41,13:30,PM,194,28,February,2014,2,2/28/2014,Friday
42,13:00,PM,89,1,March,2014,3,3/1/2014,Saturday
43,12:00,PM,185,2,March,2014,3,3/2/2014,Sunday
44,12:30,PM,119,3,March,2014,3,3/3/2014,Monday
45,13:00,PM,105,3,March,2014,3,3/3/2014,Monday
46,12:30,PM,263,4,March,2014,3,3/4/2014,Tuesday
47,13:30,PM,34,4,March,2014,3,3/4/2014,Tuesday
48,11:00,AM,90,5,March,2014,3,3/5/2014,Wednesday
49,12:00,PM,148,5,March,2014,3,3/5/2014,Wednesday
50,12:30,PM,114,5,March,2014,3,3/5/2014,Wednesday
51,17:30,PM,137,5,March,2014,3,3/5/2014,Wednesday
52,7:30,AM,90,6,March,2014,3,3/6/2014,Thursday
53,11:30,AM,260,6,March,2014,3,3/6/2014,Thursday
54,12:30,PM,69,6,March,2014,3,3/6/2014,Thursday
55,11:30,AM,58,7,March,2014,3,3/7/2014,Friday
56,12:00,PM,162,7,March,2014,3,3/7/2014,Friday
57,12:30,PM,96,7,March,2014,3,3/7/2014,Friday
58,13:00,PM,60,7,March,2014,3,3/7/2014,Friday
59,13:30,PM,54,7,March,2014,3,3/7/2014,Friday
60,14:30,PM,28,7,March,2014,3,3/7/2014,Friday
61,17:30,PM,121,7,March,2014,3,3/7/2014,Friday
62,12:00,PM,46,8,March,2014,3,3/8/2014,Saturday
63,12:30,PM,364,8,March,2014,3,3/8/2014,Saturday
64,13:00,PM,125,8,March,2014,3,3/8/2014,Saturday
65,12:00,PM,273,9,March,2014,3,3/9/2014,Sunday
66,12:30,PM,262,9,March,2014,3,3/9/2014,Sunday
67,13:00,PM,36,9,March,2014,3,3/9/2014,Sunday
68,12:00,PM,349,10,March,2014,3,3/10/2014,Monday
69,13:00,PM,82,10,March,2014,3,3/10/2014,Monday
70,7:30,AM,151,11,March,2014,3,3/11/2014,Tuesday
71,11:00,AM,65,11,March,2014,3,3/11/2014,Tuesday
72,12:00,PM,327,11,March,2014,3,3/11/2014,Tuesday
73,12:30,PM,110,11,March,2014,3,3/11/2014,Tuesday
74,13:00,PM,47,11,March,2014,3,3/11/2014,Tuesday
75,13:30,PM,56,11,March,2014,3,3/11/2014,Tuesday
76,17:00,PM,99,11,March,2014,3,3/11/2014,Tuesday
77,11:30,AM,101,12,March,2014,3,3/12/2014,Wednesday
78,12:00,PM,437,12,March,2014,3,3/12/2014,Wednesday
79,12:30,PM,34,12,March,2014,3,3/12/2014,Wednesday
80,13:00,PM,25,12,March,2014,3,3/12/2014,Wednesday
81,16:30,PM,95,12,March,2014,3,3/12/2014,Wednesday
82,17:30,PM,155,12,March,2014,3,3/12/2014,Wednesday
83,11:00,AM,35,13,March,2014,3,3/13/2014,Thursday
84,11:30,AM,44,13,March,2014,3,3/13/2014,Thursday
85,12:00,PM,344,13,March,2014,3,3/13/2014,Thursday
86,12:30,PM,151,13,March,2014,3,3/13/2014,Thursday
87,13:00,PM,121,13,March,2014,3,3/13/2014,Thursday
88,13:30,PM,65,13,March,2014,3,3/13/2014,Thursday
89,17:00,PM,150,13,March,2014,3,3/13/2014,Thursday
90,18:00,PM,54,13,March,2014,3,3/13/2014,Thursday
91,7:30,AM,55,14,March,2014,3,3/14/2014,Friday
92,11:00,AM,110,14,March,2014,3,3/14/2014,Friday
93,11:30,AM,51,14,March,2014,3,3/14/2014,Friday
94,12:00,PM,523,14,March,2014,3,3/14/2014,Friday
95,12:30,PM,34,14,March,2014,3,3/14/2014,Friday
96,13:00,PM,355,14,March,2014,3,3/14/2014,Friday
97,17:30,PM,49,14,March,2014,3,3/14/2014,Friday
98,11:00,AM,79,15,March,2014,3,3/15/2014,Saturday
99,11:30,AM,120,15,March,2014,3,3/15/2014,Saturday
100,12:00,PM,123,15,March,2014,3,3/15/2014,Saturday
101,12:30,PM,51,15,March,2014,3,3/15/2014,Saturday
102,13:00,PM,10,15,March,2014,3,3/15/2014,Saturday
103,17:00,PM,90,15,March,2014,3,3/15/2014,Saturday
104,11:30,AM,120,16,March,2014,3,3/16/2014,Sunday
105,12:00,PM,234,16,March,2014,3,3/16/2014,Sunday
106,12:30,PM,87,16,March,2014,3,3/16/2014,Sunday
107,13:30,PM,148,16,March,2014,3,3/16/2014,Sunday
108,14:00,PM,162,16,March,2014,3,3/16/2014,Sunday
109,11:30,AM,75,17,March,2014,3,3/17/2014,Monday
110,12:00,PM,80,17,March,2014,3,3/17/2014,Monday
111,13:00,PM,152,17,March,2014,3,3/17/2014,Monday
112,13:30,PM,27,17,March,2014,3,3/17/2014,Monday
113,16:30,PM,68,17,March,2014,3,3/17/2014,Monday
114,7:00,AM,355,18,March,2014,3,3/18/2014,Tuesday
115,8:00,AM,250,18,March,2014,3,3/18/2014,Tuesday
116,11:30,AM,55,18,March,2014,3,3/18/2014,Tuesday
117,12:00,PM,94,18,March,2014,3,3/18/2014,Tuesday
118,12:30,PM,184,18,March,2014,3,3/18/2014,Tuesday
119,13:00,PM,99,18,March,2014,3,3/18/2014,Tuesday
120,18:00,PM,45,18,March,2014,3,3/18/2014,Tuesday
121,11:00,AM,110,19,March,2014,3,3/19/2014,Wednesday
122,11:30,AM,105,19,March,2014,3,3/19/2014,Wednesday
123,12:00,PM,228,19,March,2014,3,3/19/2014,Wednesday
124,12:30,PM,33,19,March,2014,3,3/19/2014,Wednesday
125,13:00,PM,38,19,March,2014,3,3/19/2014,Wednesday
126,13:30,PM,151,19,March,2014,3,3/19/2014,Wednesday
127,11:00,AM,176,20,March,2014,3,3/20/2014,Thursday
128,11:30,AM,198,20,March,2014,3,3/20/2014,Thursday
129,12:00,PM,349,20,March,2014,3,3/20/2014,Thursday
130,12:30,PM,114,20,March,2014,3,3/20/2014,Thursday
131,13:00,PM,294,20,March,2014,3,3/20/2014,Thursday
132,17:00,PM,300,20,March,2014,3,3/20/2014,Thursday
133,8:00,AM,50,21,March,2014,3,3/21/2014,Friday
134,11:00,AM,87,21,March,2014,3,3/21/2014,Friday
135,12:00,PM,107,21,March,2014,3,3/21/2014,Friday
136,12:30,PM,45,21,March,2014,3,3/21/2014,Friday
137,13:00,PM,65,21,March,2014,3,3/21/2014,Friday
138,18:00,PM,26,21,March,2014,3,3/21/2014,Friday
139,11:00,AM,62,22,March,2014,3,3/22/2014,Saturday
140,12:00,PM,237,22,March,2014,3,3/22/2014,Saturday
141,12:30,PM,21,22,March,2014,3,3/22/2014,Saturday
142,13:00,PM,203,22,March,2014,3,3/22/2014,Saturday
143,17:00,PM,20,22,March,2014,3,3/22/2014,Saturday
144,12:00,PM,323,23,March,2014,3,3/23/2014,Sunday
145,12:30,PM,61,23,March,2014,3,3/23/2014,Sunday
146,13:00,PM,69,23,March,2014,3,3/23/2014,Sunday
147,13:30,PM,80,23,March,2014,3,3/23/2014,Sunday
148,11:00,AM,154,24,March,2014,3,3/24/2014,Monday
149,11:30,AM,93,24,March,2014,3,3/24/2014,Monday
150,12:00,PM,260,24,March,2014,3,3/24/2014,Monday
151,12:30,PM,68,24,March,2014,3,3/24/2014,Monday
152,13:00,PM,166,24,March,2014,3,3/24/2014,Monday
153,17:00,PM,100,24,March,2014,3,3/24/2014,Monday
154,18:00,PM,75,24,March,2014,3,3/24/2014,Monday
155,11:30,AM,15,25,March,2014,3,3/25/2014,Tuesday
156,12:00,PM,462,25,March,2014,3,3/25/2014,Tuesday
157,12:30,PM,193,25,March,2014,3,3/25/2014,Tuesday
158,13:00,PM,87,25,March,2014,3,3/25/2014,Tuesday
159,13:30,PM,85,25,March,2014,3,3/25/2014,Tuesday
160,17:00,PM,41,25,March,2014,3,3/25/2014,Tuesday
161,18:00,PM,181,25,March,2014,3,3/25/2014,Tuesday
162,11:00,AM,250,26,March,2014,3,3/26/2014,Wednesday
163,12:00,PM,196,26,March,2014,3,3/26/2014,Wednesday
164,12:30,PM,135,26,March,2014,3,3/26/2014,Wednesday
165,17:30,PM,185,26,March,2014,3,3/26/2014,Wednesday
166,18:00,PM,334,26,March,2014,3,3/26/2014,Wednesday
167,7:00,AM,55,27,March,2014,3,3/27/2014,Thursday
168,11:00,AM,20,27,March,2014,3,3/27/2014,Thursday
169,12:00,PM,96,27,March,2014,3,3/27/2014,Thursday
170,12:30,PM,389,27,March,2014,3,3/27/2014,Thursday
171,13:00,PM,138,27,March,2014,3,3/27/2014,Thursday
172,14:00,PM,95,27,March,2014,3,3/27/2014,Thursday
173,17:00,PM,180,27,March,2014,3,3/27/2014,Thursday
174,12:00,PM,532,28,March,2014,3,3/28/2014,Friday
175,12:30,PM,87,28,March,2014,3,3/28/2014,Friday
176,13:00,PM,101,28,March,2014,3,3/28/2014,Friday
177,16:30,PM,440,28,March,2014,3,3/28/2014,Friday
178,17:00,PM,126,28,March,2014,3,3/28/2014,Friday
179,11:00,AM,55,29,March,2014,3,3/29/2014,Saturday
180,11:30,AM,24,29,March,2014,3,3/29/2014,Saturday
181,12:00,PM,338,29,March,2014,3,3/29/2014,Saturday
182,12:30,PM,258,29,March,2014,3,3/29/2014,Saturday
183,13:30,PM,48,29,March,2014,3,3/29/2014,Saturday
184,11:30,AM,307,1,April,2014,4,4/1/2014,Tuesday
185,12:00,PM,119,1,April,2014,4,4/1/2014,Tuesday
186,12:30,PM,125,1,April,2014,4,4/1/2014,Tuesday
187,13:00,PM,163,1,April,2014,4,4/1/2014,Tuesday
188,14:30,PM,16,1,April,2014,4,4/1/2014,Tuesday
189,18:00,PM,60,1,April,2014,4,4/1/2014,Tuesday
190,12:00,PM,107,2,April,2014,4,4/2/2014,Wednesday
191,12:30,PM,87,2,April,2014,4,4/2/2014,Wednesday
192,13:00,PM,78,2,April,2014,4,4/2/2014,Wednesday
193,13:30,PM,30,2,April,2014,4,4/2/2014,Wednesday
194,17:30,PM,105,2,April,2014,4,4/2/2014,Wednesday
195,18:00,PM,505,2,April,2014,4,4/2/2014,Wednesday
196,11:30,AM,48,3,April,2014,4,4/3/2014,Thursday
197,12:00,PM,426,3,April,2014,4,4/3/2014,Thursday
198,12:30,PM,54,3,April,2014,4,4/3/2014,Thursday
199,13:00,PM,650,3,April,2014,4,4/3/2014,Thursday
200,16:30,PM,100,3,April,2014,4,4/3/2014,Thursday
201,17:30,PM,71,3,April,2014,4,4/3/2014,Thursday
202,18:00,PM,206,3,April,2014,4,4/3/2014,Thursday
203,11:00,AM,33,4,April,2014,4,4/4/2014,Friday
204,11:30,AM,84,4,April,2014,4,4/4/2014,Friday
205,12:00,PM,134,4,April,2014,4,4/4/2014,Friday
206,12:30,PM,69,4,April,2014,4,4/4/2014,Friday
207,13:00,PM,95,4,April,2014,4,4/4/2014,Friday
208,13:30,PM,56,4,April,2014,4,4/4/2014,Friday
209,14:00,PM,30,4,April,2014,4,4/4/2014,Friday
210,17:30,PM,100,4,April,2014,4,4/4/2014,Friday
211,11:00,AM,54,5,April,2014,4,4/5/2014,Saturday
212,11:30,AM,249,5,April,2014,4,4/5/2014,Saturday
213,12:00,PM,117,5,April,2014,4,4/5/2014,Saturday
214,12:30,PM,277,5,April,2014,4,4/5/2014,Saturday
215,13:00,PM,150,5,April,2014,4,4/5/2014,Saturday
216,13:30,PM,81,5,April,2014,4,4/5/2014,Saturday
217,17:00,PM,84,5,April,2014,4,4/5/2014,Saturday
218,17:30,PM,25,5,April,2014,4,4/5/2014,Saturday
219,12:00,PM,63,6,April,2014,4,4/6/2014,Sunday
220,12:30,PM,43,6,April,2014,4,4/6/2014,Sunday
221,13:00,PM,348,6,April,2014,4,4/6/2014,Sunday
222,16:00,PM,44,6,April,2014,4,4/6/2014,Sunday
223,11:00,AM,56,7,April,2014,4,4/7/2014,Monday
224,12:00,PM,181,7,April,2014,4,4/7/2014,Monday
225,13:30,PM,81,7,April,2014,4,4/7/2014,Monday
226,14:00,PM,33,7,April,2014,4,4/7/2014,Monday
227,17:30,PM,68,7,April,2014,4,4/7/2014,Monday
228,11:00,AM,115,8,April,2014,4,4/8/2014,Tuesday
229,11:30,AM,171,8,April,2014,4,4/8/2014,Tuesday
230,12:00,PM,415,8,April,2014,4,4/8/2014,Tuesday
231,12:30,PM,588,8,April,2014,4,4/8/2014,Tuesday
232,13:00,PM,103,8,April,2014,4,4/8/2014,Tuesday
233,13:30,PM,69,8,April,2014,4,4/8/2014,Tuesday
234,16:30,PM,80,8,April,2014,4,4/8/2014,Tuesday
235,11:30,AM,34,9,April,2014,4,4/9/2014,Wednesday
236,12:00,PM,455,9,April,2014,4,4/9/2014,Wednesday
237,12:30,PM,250,9,April,2014,4,4/9/2014,Wednesday
238,13:00,PM,308,9,April,2014,4,4/9/2014,Wednesday
239,13:30,PM,57,9,April,2014,4,4/9/2014,Wednesday
240,16:00,PM,52,9,April,2014,4,4/9/2014,Wednesday
241,17:00,PM,118,9,April,2014,4,4/9/2014,Wednesday
242,7:30,AM,84,10,April,2014,4,4/10/2014,Thursday
243,11:00,AM,109,10,April,2014,4,4/10/2014,Thursday
244,11:30,AM,131,10,April,2014,4,4/10/2014,Thursday
245,12:00,PM,242,10,April,2014,4,4/10/2014,Thursday
246,12:30,PM,484,10,April,2014,4,4/10/2014,Thursday
247,13:00,PM,157,10,April,2014,4,4/10/2014,Thursday
248,13:30,PM,80,10,April,2014,4,4/10/2014,Thursday
249,17:30,PM,200,10,April,2014,4,4/10/2014,Thursday
250,18:00,PM,354,10,April,2014,4,4/10/2014,Thursday
251,7:30,AM,85,11,April,2014,4,4/11/2014,Friday
252,11:00,AM,134,11,April,2014,4,4/11/2014,Friday
253,11:30,AM,60,11,April,2014,4,4/11/2014,Friday
254,12:00,PM,186,11,April,2014,4,4/11/2014,Friday
255,12:30,PM,205,11,April,2014,4,4/11/2014,Friday
256,13:00,PM,230,11,April,2014,4,4/11/2014,Friday
257,13:30,PM,84,11,April,2014,4,4/11/2014,Friday
258,16:30,PM,255,11,April,2014,4,4/11/2014,Friday
259,17:00,PM,131,11,April,2014,4,4/11/2014,Friday
260,17:30,PM,91,11,April,2014,4,4/11/2014,Friday
261,18:30,PM,27,11,April,2014,4,4/11/2014,Friday
262,11:00,AM,130,12,April,2014,4,4/12/2014,Saturday
263,11:30,AM,172,12,April,2014,4,4/12/2014,Saturday
264,12:00,PM,243,12,April,2014,4,4/12/2014,Saturday
265,12:30,PM,206,12,April,2014,4,4/12/2014,Saturday
266,13:00,PM,80,12,April,2014,4,4/12/2014,Saturday
267,13:30,PM,105,12,April,2014,4,4/12/2014,Saturday
268,16:30,PM,56,12,April,2014,4,4/12/2014,Saturday
269,17:00,PM,101,12,April,2014,4,4/12/2014,Saturday
270,11:00,AM,51,13,April,2014,4,4/13/2014,Sunday
271,11:30,AM,27,13,April,2014,4,4/13/2014,Sunday
272,12:00,PM,163,13,April,2014,4,4/13/2014,Sunday
273,12:30,PM,152,13,April,2014,4,4/13/2014,Sunday
274,13:30,PM,47,13,April,2014,4,4/13/2014,Sunday
275,7:30,AM,50,14,April,2014,4,4/14/2014,Monday
276,8:30,AM,33,14,April,2014,4,4/14/2014,Monday
277,11:00,AM,101,14,April,2014,4,4/14/2014,Monday
278,11:30,AM,153,14,April,2014,4,4/14/2014,Monday
279,12:00,PM,167,14,April,2014,4,4/14/2014,Monday
280,12:30,PM,152,14,April,2014,4,4/14/2014,Monday
281,13:00,PM,53,14,April,2014,4,4/14/2014,Monday
282,13:30,PM,82,14,April,2014,4,4/14/2014,Monday
283,18:00,PM,35,14,April,2014,4,4/14/2014,Monday
284,11:30,AM,34,15,April,2014,4,4/15/2014,Tuesday
285,12:00,PM,338,15,April,2014,4,4/15/2014,Tuesday
286,12:30,PM,12,15,April,2014,4,4/15/2014,Tuesday
287,17:00,PM,88,15,April,2014,4,4/15/2014,Tuesday
288,11:00,AM,31,16,April,2014,4,4/16/2014,Wednesday
289,11:30,AM,34,16,April,2014,4,4/16/2014,Wednesday
290,12:00,PM,323,16,April,2014,4,4/16/2014,Wednesday
291,12:30,PM,211,16,April,2014,4,4/16/2014,Wednesday
292,13:00,PM,71,16,April,2014,4,4/16/2014,Wednesday
293,13:30,PM,61,16,April,2014,4,4/16/2014,Wednesday
294,14:00,PM,51,16,April,2014,4,4/16/2014,Wednesday
295,17:30,PM,194,16,April,2014,4,4/16/2014,Wednesday
296,18:00,PM,150,16,April,2014,4,4/16/2014,Wednesday
297,10:30,AM,25,17,April,2014,4,4/17/2014,Thursday
298,11:00,AM,175,17,April,2014,4,4/17/2014,Thursday
299,11:30,AM,137,17,April,2014,4,4/17/2014,Thursday
300,12:00,PM,563,17,April,2014,4,4/17/2014,Thursday
301,12:30,PM,94,17,April,2014,4,4/17/2014,Thursday
302,13:00,PM,34,17,April,2014,4,4/17/2014,Thursday
303,18:00,PM,70,17,April,2014,4,4/17/2014,Thursday
304,8:00,AM,77,18,April,2014,4,4/18/2014,Friday
305,11:30,AM,144,18,April,2014,4,4/18/2014,Friday
306,12:00,PM,287,18,April,2014,4,4/18/2014,Friday
307,12:30,PM,87,18,April,2014,4,4/18/2014,Friday
308,13:30,PM,79,18,April,2014,4,4/18/2014,Friday
309,12:30,PM,242,19,April,2014,4,4/19/2014,Saturday
310,12:00,PM,201,20,April,2014,4,4/20/2014,Sunday
311,12:00,PM,307,21,April,2014,4,4/21/2014,Monday
312,12:30,PM,52,21,April,2014,4,4/21/2014,Monday
313,11:00,AM,92,22,April,2014,4,4/22/2014,Tuesday
314,11:30,AM,270,22,April,2014,4,4/22/2014,Tuesday
315,12:00,PM,239,22,April,2014,4,4/22/2014,Tuesday
316,12:30,PM,37,22,April,2014,4,4/22/2014,Tuesday
317,13:00,PM,73,22,April,2014,4,4/22/2014,Tuesday
318,13:30,PM,113,22,April,2014,4,4/22/2014,Tuesday
319,14:00,PM,98,22,April,2014,4,4/22/2014,Tuesday
320,16:30,PM,28,22,April,2014,4,4/22/2014,Tuesday
321,17:30,PM,92,22,April,2014,4,4/22/2014,Tuesday
322,11:30,AM,70,23,April,2014,4,4/23/2014,Wednesday
323,12:00,PM,716,23,April,2014,4,4/23/2014,Wednesday
324,12:30,PM,335,23,April,2014,4,4/23/2014,Wednesday
325,13:00,PM,60,23,April,2014,4,4/23/2014,Wednesday
326,13:30,PM,111,23,April,2014,4,4/23/2014,Wednesday
327,16:30,PM,56,23,April,2014,4,4/23/2014,Wednesday
328,17:00,PM,46,23,April,2014,4,4/23/2014,Wednesday
329,11:30,AM,96,24,April,2014,4,4/24/2014,Thursday
330,12:00,PM,335,24,April,2014,4,4/24/2014,Thursday
331,12:30,PM,115,24,April,2014,4,4/24/2014,Thursday
332,13:00,PM,359,24,April,2014,4,4/24/2014,Thursday
333,17:00,PM,133,24,April,2014,4,4/24/2014,Thursday
334,17:30,PM,472,24,April,2014,4,4/24/2014,Thursday
335,18:30,PM,48,24,April,2014,4,4/24/2014,Thursday
336,8:00,AM,108,25,April,2014,4,4/25/2014,Friday
337,11:00,AM,82,25,April,2014,4,4/25/2014,Friday
338,11:30,AM,45,25,April,2014,4,4/25/2014,Friday
339,12:00,PM,1032,25,April,2014,4,4/25/2014,Friday
340,12:30,PM,578,25,April,2014,4,4/25/2014,Friday
341,13:00,PM,277,25,April,2014,4,4/25/2014,Friday
342,13:30,PM,308,25,April,2014,4,4/25/2014,Friday
343,17:00,PM,192,25,April,2014,4,4/25/2014,Friday
344,17:30,PM,155,25,April,2014,4,4/25/2014,Friday
345,18:00,PM,81,25,April,2014,4,4/25/2014,Friday
346,11:00,AM,174,26,April,2014,4,4/26/2014,Saturday
347,11:30,AM,143,26,April,2014,4,4/26/2014,Saturday
348,12:00,PM,346,26,April,2014,4,4/26/2014,Saturday
349,12:30,PM,150,26,April,2014,4,4/26/2014,Saturday
350,13:00,PM,96,26,April,2014,4,4/26/2014,Saturday
351,16:00,PM,44,26,April,2014,4,4/26/2014,Saturday
352,11:00,AM,303,1,May,2014,5,5/1/2014,Thursday
353,11:30,AM,27,1,May,2014,5,5/1/2014,Thursday
354,11:45,AM,37,1,May,2014,5,5/1/2014,Thursday
355,12:00,PM,765,1,May,2014,5,5/1/2014,Thursday
356,12:15,PM,49,1,May,2014,5,5/1/2014,Thursday
357,12:30,PM,195,1,May,2014,5,5/1/2014,Thursday
358,13:00,PM,356,1,May,2014,5,5/1/2014,Thursday
359,17:00,PM,255,1,May,2014,5,5/1/2014,Thursday
360,17:30,PM,352,1,May,2014,5,5/1/2014,Thursday
361,18:00,PM,58,1,May,2014,5,5/1/2014,Thursday
362,10:30,AM,57,2,May,2014,5,5/2/2014,Friday
363,10:45,AM,43,2,May,2014,5,5/2/2014,Friday
364,11:00,AM,138,2,May,2014,5,5/2/2014,Friday
365,11:30,AM,133,2,May,2014,5,5/2/2014,Friday
366,11:45,AM,21,2,May,2014,5,5/2/2014,Friday
367,12:00,PM,759,2,May,2014,5,5/2/2014,Friday
368,12:15,PM,30,2,May,2014,5,5/2/2014,Friday
369,12:30,PM,78,2,May,2014,5,5/2/2014,Friday
370,13:00,PM,45,2,May,2014,5,5/2/2014,Friday
371,13:30,PM,45,2,May,2014,5,5/2/2014,Friday
372,17:00,PM,276,2,May,2014,5,5/2/2014,Friday
373,17:30,PM,83,2,May,2014,5,5/2/2014,Friday
374,11:30,AM,49,3,May,2014,5,5/3/2014,Saturday
375,12:00,PM,716,3,May,2014,5,5/3/2014,Saturday
376,12:30,PM,421,3,May,2014,5,5/3/2014,Saturday
377,13:00,PM,452,3,May,2014,5,5/3/2014,Saturday
378,13:15,PM,110,3,May,2014,5,5/3/2014,Saturday
379,14:00,PM,86,3,May,2014,5,5/3/2014,Saturday
380,17:30,PM,83,3,May,2014,5,5/3/2014,Saturday
381,12:00,PM,143,4,May,2014,5,5/4/2014,Sunday
382,12:30,PM,120,4,May,2014,5,5/4/2014,Sunday
383,13:30,PM,94,4,May,2014,5,5/4/2014,Sunday
384,14:00,PM,343,4,May,2014,5,5/4/2014,Sunday
385,12:00,PM,195,5,May,2014,5,5/5/2014,Monday
386,12:30,PM,407,5,May,2014,5,5/5/2014,Monday
387,13:30,PM,85,5,May,2014,5,5/5/2014,Monday
388,16:00,PM,21,5,May,2014,5,5/5/2014,Monday
389,17:00,PM,77,5,May,2014,5,5/5/2014,Monday
390,11:00,AM,34,6,May,2014,5,5/6/2014,Tuesday
391,12:00,PM,427,6,May,2014,5,5/6/2014,Tuesday
392,12:30,PM,144,6,May,2014,5,5/6/2014,Tuesday
393,13:30,PM,101,6,May,2014,5,5/6/2014,Tuesday
394,17:30,PM,55,6,May,2014,5,5/6/2014,Tuesday
395,7:00,AM,44,7,May,2014,5,5/7/2014,Wednesday
396,11:00,AM,633,7,May,2014,5,5/7/2014,Wednesday
397,11:30,AM,70,7,May,2014,5,5/7/2014,Wednesday
398,12:00,PM,471,7,May,2014,5,5/7/2014,Wednesday
399,12:30,PM,381,7,May,2014,5,5/7/2014,Wednesday
400,13:00,PM,25,7,May,2014,5,5/7/2014,Wednesday
401,13:15,PM,142,7,May,2014,5,5/7/2014,Wednesday
402,13:30,PM,44,7,May,2014,5,5/7/2014,Wednesday
403,16:30,PM,207,7,May,2014,5,5/7/2014,Wednesday
404,17:15,PM,33,7,May,2014,5,5/7/2014,Wednesday
405,17:30,PM,47,7,May,2014,5,5/7/2014,Wednesday
406,18:00,PM,177,7,May,2014,5,5/7/2014,Wednesday
407,11:00,AM,45,8,May,2014,5,5/8/2014,Thursday
408,11:15,AM,83,8,May,2014,5,5/8/2014,Thursday
409,11:30,AM,512,8,May,2014,5,5/8/2014,Thursday
410,11:45,AM,34,8,May,2014,5,5/8/2014,Thursday
411,12:00,PM,1212,8,May,2014,5,5/8/2014,Thursday
412,12:15,PM,70,8,May,2014,5,5/8/2014,Thursday
413,12:30,PM,875,8,May,2014,5,5/8/2014,Thursday
414,13:00,PM,498,8,May,2014,5,5/8/2014,Thursday
415,13:30,PM,30,8,May,2014,5,5/8/2014,Thursday
416,16:30,PM,100,8,May,2014,5,5/8/2014,Thursday
417,17:00,PM,310,8,May,2014,5,5/8/2014,Thursday
418,17:30,PM,100,8,May,2014,5,5/8/2014,Thursday
419,18:00,PM,165,8,May,2014,5,5/8/2014,Thursday
420,8:00,AM,122,9,May,2014,5,5/9/2014,Friday
421,11:00,AM,217,9,May,2014,5,5/9/2014,Friday
422,11:30,AM,179,9,May,2014,5,5/9/2014,Friday
423,12:00,PM,214,9,May,2014,5,5/9/2014,Friday
424,12:30,PM,246,9,May,2014,5,5/9/2014,Friday
425,13:00,PM,604,9,May,2014,5,5/9/2014,Friday
426,17:00,PM,210,9,May,2014,5,5/9/2014,Friday
427,17:30,PM,55,9,May,2014,5,5/9/2014,Friday
428,11:30,AM,399,10,May,2014,5,5/10/2014,Saturday
429,11:45,AM,53,10,May,2014,5,5/10/2014,Saturday
430,12:00,PM,162,10,May,2014,5,5/10/2014,Saturday
431,12:30,PM,374,10,May,2014,5,5/10/2014,Saturday
432,11:00,AM,113,11,May,2014,5,5/11/2014,Sunday
433,12:00,PM,81,11,May,2014,5,5/11/2014,Sunday
434,13:00,PM,32,11,May,2014,5,5/11/2014,Sunday
435,13:30,PM,65,11,May,2014,5,5/11/2014,Sunday
436,11:00,AM,50,12,May,2014,5,5/12/2014,Monday
437,12:00,PM,69,12,May,2014,5,5/12/2014,Monday
438,12:15,PM,34,12,May,2014,5,5/12/2014,Monday
439,12:30,PM,258,12,May,2014,5,5/12/2014,Monday
440,17:00,PM,18,12,May,2014,5,5/12/2014,Monday
441,17:30,PM,207,12,May,2014,5,5/12/2014,Monday
442,18:00,PM,15,12,May,2014,5,5/12/2014,Monday
443,11:00,AM,49,13,May,2014,5,5/13/2014,Tuesday
444,11:30,AM,134,13,May,2014,5,5/13/2014,Tuesday
445,12:00,PM,321,13,May,2014,5,5/13/2014,Tuesday
446,12:15,PM,131,13,May,2014,5,5/13/2014,Tuesday
447,12:30,PM,537,13,May,2014,5,5/13/2014,Tuesday
448,13:00,PM,195,13,May,2014,5,5/13/2014,Tuesday
449,17:00,PM,30,13,May,2014,5,5/13/2014,Tuesday
450,17:30,PM,434,13,May,2014,5,5/13/2014,Tuesday
451,17:45,PM,38,13,May,2014,5,5/13/2014,Tuesday
452,18:00,PM,26,13,May,2014,5,5/13/2014,Tuesday
453,10:30,AM,186,14,May,2014,5,5/14/2014,Wednesday
454,11:15,AM,15,14,May,2014,5,5/14/2014,Wednesday
455,11:30,AM,309,14,May,2014,5,5/14/2014,Wednesday
456,12:00,PM,431,14,May,2014,5,5/14/2014,Wednesday
457,12:15,PM,96,14,May,2014,5,5/14/2014,Wednesday
458,12:30,PM,310,14,May,2014,5,5/14/2014,Wednesday
459,13:00,PM,541,14,May,2014,5,5/14/2014,Wednesday
460,16:30,PM,248,14,May,2014,5,5/14/2014,Wednesday
461,17:00,PM,255,14,May,2014,5,5/14/2014,Wednesday
462,17:30,PM,146,14,May,2014,5,5/14/2014,Wednesday
463,18:00,PM,324,14,May,2014,5,5/14/2014,Wednesday
464,18:30,PM,162,14,May,2014,5,5/14/2014,Wednesday
465,7:00,AM,403,15,May,2014,5,5/15/2014,Thursday
466,7:15,AM,215,15,May,2014,5,5/15/2014,Thursday
467,11:00,AM,39,15,May,2014,5,5/15/2014,Thursday
468,11:30,AM,257,15,May,2014,5,5/15/2014,Thursday
469,12:00,PM,546,15,May,2014,5,5/15/2014,Thursday
470,12:15,PM,49,15,May,2014,5,5/15/2014,Thursday
471,12:30,PM,878,15,May,2014,5,5/15/2014,Thursday
472,13:45,PM,240,15,May,2014,5,5/15/2014,Thursday
473,15:00,PM,80,15,May,2014,5,5/15/2014,Thursday
474,17:00,PM,90,15,May,2014,5,5/15/2014,Thursday
475,17:30,PM,750,15,May,2014,5,5/15/2014,Thursday
476,18:00,PM,449,15,May,2014,5,5/15/2014,Thursday
477,10:00,AM,21,16,May,2014,5,5/16/2014,Friday
478,11:00,AM,146,16,May,2014,5,5/16/2014,Friday
479,11:30,AM,372,16,May,2014,5,5/16/2014,Friday
480,11:45,AM,67,16,May,2014,5,5/16/2014,Friday
481,12:00,PM,708,16,May,2014,5,5/16/2014,Friday
482,12:30,PM,164,16,May,2014,5,5/16/2014,Friday
483,12:45,PM,99,16,May,2014,5,5/16/2014,Friday
484,13:00,PM,289,16,May,2014,5,5/16/2014,Friday
485,16:00,PM,210,16,May,2014,5,5/16/2014,Friday
486,16:30,PM,51,16,May,2014,5,5/16/2014,Friday
487,17:30,PM,443,16,May,2014,5,5/16/2014,Friday
488,17:45,PM,68,16,May,2014,5,5/16/2014,Friday
489,18:00,PM,660,16,May,2014,5,5/16/2014,Friday
490,11:00,AM,164,17,May,2014,5,5/17/2014,Saturday
491,11:30,AM,330,17,May,2014,5,5/17/2014,Saturday
492,11:45,AM,28,17,May,2014,5,5/17/2014,Saturday
493,12:00,PM,506,17,May,2014,5,5/17/2014,Saturday
494,12:30,PM,354,17,May,2014,5,5/17/2014,Saturday
495,13:00,PM,170,17,May,2014,5,5/17/2014,Saturday
496,17:00,PM,53,17,May,2014,5,5/17/2014,Saturday
497,17:30,PM,28,17,May,2014,5,5/17/2014,Saturday
498,12:00,PM,300,18,May,2014,5,5/18/2014,Sunday
499,12:15,PM,57,18,May,2014,5,5/18/2014,Sunday
500,13:00,PM,58,18,May,2014,5,5/18/2014,Sunday
501,11:00,AM,15,19,May,2014,5,5/19/2014,Monday
502,11:30,AM,118,19,May,2014,5,5/19/2014,Monday
503,12:00,PM,43,19,May,2014,5,5/19/2014,Monday
504,12:15,PM,32,19,May,2014,5,5/19/2014,Monday
505,12:30,PM,119,19,May,2014,5,5/19/2014,Monday
506,12:45,PM,50,19,May,2014,5,5/19/2014,Monday
507,13:00,PM,51,19,May,2014,5,5/19/2014,Monday
508,14:30,PM,127,19,May,2014,5,5/19/2014,Monday
509,17:00,PM,127,19,May,2014,5,5/19/2014,Monday
510,18:15,PM,195,19,May,2014,5,5/19/2014,Monday
511,11:00,AM,378,20,May,2014,5,5/20/2014,Tuesday
512,11:45,AM,54,20,May,2014,5,5/20/2014,Tuesday
513,12:00,PM,207,20,May,2014,5,5/20/2014,Tuesday
514,12:30,PM,370,20,May,2014,5,5/20/2014,Tuesday
515,13:00,PM,137,20,May,2014,5,5/20/2014,Tuesday
516,17:00,PM,137,20,May,2014,5,5/20/2014,Tuesday
517,17:30,PM,407,20,May,2014,5,5/20/2014,Tuesday
518,11:00,AM,45,21,May,2014,5,5/21/2014,Wednesday
519,11:30,AM,439,21,May,2014,5,5/21/2014,Wednesday
520,12:00,PM,264,21,May,2014,5,5/21/2014,Wednesday
521,12:30,PM,149,21,May,2014,5,5/21/2014,Wednesday
522,13:00,PM,35,21,May,2014,5,5/21/2014,Wednesday
523,13:15,PM,62,21,May,2014,5,5/21/2014,Wednesday
524,13:30,PM,57,21,May,2014,5,5/21/2014,Wednesday
525,17:00,PM,541,21,May,2014,5,5/21/2014,Wednesday
526,17:30,PM,961,21,May,2014,5,5/21/2014,Wednesday
527,17:45,PM,75,21,May,2014,5,5/21/2014,Wednesday
528,18:00,PM,200,21,May,2014,5,5/21/2014,Wednesday
529,8:00,AM,72,22,May,2014,5,5/22/2014,Thursday
530,10:00,AM,149,22,May,2014,5,5/22/2014,Thursday
531,11:00,AM,338,22,May,2014,5,5/22/2014,Thursday
532,11:30,AM,337,22,May,2014,5,5/22/2014,Thursday
533,12:00,PM,1842,22,May,2014,5,5/22/2014,Thursday
534,12:15,PM,96,22,May,2014,5,5/22/2014,Thursday
535,12:30,PM,287,22,May,2014,5,5/22/2014,Thursday
536,13:00,PM,354,22,May,2014,5,5/22/2014,Thursday
537,13:30,PM,90,22,May,2014,5,5/22/2014,Thursday
538,16:30,PM,601,22,May,2014,5,5/22/2014,Thursday
539,17:00,PM,129,22,May,2014,5,5/22/2014,Thursday
540,17:30,PM,150,22,May,2014,5,5/22/2014,Thursday
541,18:00,PM,302,22,May,2014,5,5/22/2014,Thursday
542,10:00,AM,65,23,May,2014,5,5/23/2014,Friday
543,11:15,AM,47,23,May,2014,5,5/23/2014,Friday
544,11:30,AM,450,23,May,2014,5,5/23/2014,Friday
545,12:00,PM,165,23,May,2014,5,5/23/2014,Friday
546,12:15,PM,53,23,May,2014,5,5/23/2014,Friday
547,12:30,PM,436,23,May,2014,5,5/23/2014,Friday
548,13:00,PM,60,23,May,2014,5,5/23/2014,Friday
549,16:30,PM,170,23,May,2014,5,5/23/2014,Friday
550,17:00,PM,56,23,May,2014,5,5/23/2014,Friday
551,17:30,PM,249,23,May,2014,5,5/23/2014,Friday
552,18:00,PM,210,23,May,2014,5,5/23/2014,Friday
553,11:30,AM,229,24,May,2014,5,5/24/2014,Saturday
554,11:45,AM,21,24,May,2014,5,5/24/2014,Saturday
555,12:00,PM,273,24,May,2014,5,5/24/2014,Saturday
556,12:15,PM,130,24,May,2014,5,5/24/2014,Saturday
557,12:30,PM,50,24,May,2014,5,5/24/2014,Saturday
558,13:00,PM,86,24,May,2014,5,5/24/2014,Saturday
559,13:30,PM,70,24,May,2014,5,5/24/2014,Saturday
560,11:00,AM,50,25,May,2014,5,5/25/2014,Sunday
561,12:00,PM,561,25,May,2014,5,5/25/2014,Sunday
562,12:30,PM,143,25,May,2014,5,5/25/2014,Sunday
563,13:15,PM,90,25,May,2014,5,5/25/2014,Sunday
564,13:30,PM,102,25,May,2014,5,5/25/2014,Sunday
565,10:00,AM,103,26,May,2014,5,5/26/2014,Monday
566,12:00,PM,166,26,May,2014,5,5/26/2014,Monday
567,13:30,PM,66,26,May,2014,5,5/26/2014,Monday
568,14:00,PM,12,26,May,2014,5,5/26/2014,Monday
569,9:00,AM,15,27,May,2014,5,5/27/2014,Tuesday
570,11:30,AM,15,27,May,2014,5,5/27/2014,Tuesday
571,12:00,PM,75,27,May,2014,5,5/27/2014,Tuesday
572,12:30,PM,211,27,May,2014,5,5/27/2014,Tuesday
573,13:00,PM,141,27,May,2014,5,5/27/2014,Tuesday
574,13:15,PM,48,27,May,2014,5,5/27/2014,Tuesday
575,14:45,PM,36,27,May,2014,5,5/27/2014,Tuesday
576,16:30,PM,200,27,May,2014,5,5/27/2014,Tuesday
577,17:00,PM,182,27,May,2014,5,5/27/2014,Tuesday
578,17:30,PM,55,27,May,2014,5,5/27/2014,Tuesday
579,7:45,AM,129,28,May,2014,5,5/28/2014,Wednesday
580,8:30,AM,13,28,May,2014,5,5/28/2014,Wednesday
581,11:00,AM,91,28,May,2014,5,5/28/2014,Wednesday
582,11:30,AM,573,28,May,2014,5,5/28/2014,Wednesday
583,11:45,AM,118,28,May,2014,5,5/28/2014,Wednesday
584,12:00,PM,778,28,May,2014,5,5/28/2014,Wednesday
585,12:30,PM,342,28,May,2014,5,5/28/2014,Wednesday
586,13:00,PM,217,28,May,2014,5,5/28/2014,Wednesday
587,13:15,PM,36,28,May,2014,5,5/28/2014,Wednesday
588,13:30,PM,36,28,May,2014,5,5/28/2014,Wednesday
589,14:00,PM,26,28,May,2014,5,5/28/2014,Wednesday
590,17:00,PM,306,28,May,2014,5,5/28/2014,Wednesday
591,17:30,PM,330,28,May,2014,5,5/28/2014,Wednesday
592,18:00,PM,38,28,May,2014,5,5/28/2014,Wednesday
593,7:30,AM,80,29,May,2014,5,5/29/2014,Thursday
594,11:00,AM,9,29,May,2014,5,5/29/2014,Thursday
595,11:30,AM,308,29,May,2014,5,5/29/2014,Thursday
596,11:45,AM,104,29,May,2014,5,5/29/2014,Thursday
597,12:00,PM,1204,29,May,2014,5,5/29/2014,Thursday
598,12:30,PM,303,29,May,2014,5,5/29/2014,Thursday
599,13:00,PM,1026,29,May,2014,5,5/29/2014,Thursday
600,13:15,PM,241,29,May,2014,5,5/29/2014,Thursday
601,13:30,PM,149,29,May,2014,5,5/29/2014,Thursday
602,16:30,PM,165,29,May,2014,5,5/29/2014,Thursday
603,17:00,PM,686,29,May,2014,5,5/29/2014,Thursday
604,17:30,PM,110,29,May,2014,5,5/29/2014,Thursday
605,18:00,PM,494,29,May,2014,5,5/29/2014,Thursday
606,7:30,AM,80,30,May,2014,5,5/30/2014,Friday
607,11:00,AM,118,30,May,2014,5,5/30/2014,Friday
608,11:15,AM,33,30,May,2014,5,5/30/2014,Friday
609,11:30,AM,37,30,May,2014,5,5/30/2014,Friday
610,11:45,AM,43,30,May,2014,5,5/30/2014,Friday
611,12:00,PM,608,30,May,2014,5,5/30/2014,Friday
612,12:30,PM,333,30,May,2014,5,5/30/2014,Friday
613,12:45,PM,44,30,May,2014,5,5/30/2014,Friday
614,13:00,PM,62,30,May,2014,5,5/30/2014,Friday
615,13:30,PM,55,30,May,2014,5,5/30/2014,Friday
616,14:00,PM,59,30,May,2014,5,5/30/2014,Friday
617,17:00,PM,250,30,May,2014,5,5/30/2014,Friday
618,17:30,PM,212,30,May,2014,5,5/30/2014,Friday
619,11:00,AM,106,31,May,2014,5,5/31/2014,Saturday
620,11:30,AM,120,31,May,2014,5,5/31/2014,Saturday
621,12:00,PM,326,31,May,2014,5,5/31/2014,Saturday
622,12:30,PM,331,31,May,2014,5,5/31/2014,Saturday
623,13:00,PM,52,31,May,2014,5,5/31/2014,Saturday
624,13:15,PM,48,31,May,2014,5,5/31/2014,Saturday
625,13:30,PM,77,31,May,2014,5,5/31/2014,Saturday
626,16:00,PM,180,31,May,2014,5,5/31/2014,Saturday
627,11:30,AM,48,1,June,2014,6,6/1/2014,Sunday
628,12:00,PM,140,1,June,2014,6,6/1/2014,Sunday
629,12:30,PM,55,1,June,2014,6,6/1/2014,Sunday
630,13:00,PM,251,1,June,2014,6,6/1/2014,Sunday
631,14:00,PM,129,1,June,2014,6,6/1/2014,Sunday
632,11:00,AM,175,2,June,2014,6,6/2/2014,Monday
633,11:15,AM,48,2,June,2014,6,6/2/2014,Monday
634,11:30,AM,36,2,June,2014,6,6/2/2014,Monday
635,12:00,PM,495,2,June,2014,6,6/2/2014,Monday
636,12:15,PM,29,2,June,2014,6,6/2/2014,Monday
637,12:45,PM,43,2,June,2014,6,6/2/2014,Monday
638,13:30,PM,24,2,June,2014,6,6/2/2014,Monday
639,16:30,PM,93,2,June,2014,6,6/2/2014,Monday
640,17:00,PM,189,2,June,2014,6,6/2/2014,Monday
641,17:30,PM,33,2,June,2014,6,6/2/2014,Monday
642,10:00,AM,13,3,June,2014,6,6/3/2014,Tuesday
643,11:00,AM,200,3,June,2014,6,6/3/2014,Tuesday
644,11:30,AM,235,3,June,2014,6,6/3/2014,Tuesday
645,12:00,PM,551,3,June,2014,6,6/3/2014,Tuesday
646,12:15,PM,110,3,June,2014,6,6/3/2014,Tuesday
647,12:30,PM,336,3,June,2014,6,6/3/2014,Tuesday
648,13:00,PM,83,3,June,2014,6,6/3/2014,Tuesday
649,13:30,PM,42,3,June,2014,6,6/3/2014,Tuesday
650,14:00,PM,11,3,June,2014,6,6/3/2014,Tuesday
651,18:00,PM,55,3,June,2014,6,6/3/2014,Tuesday
652,18:15,PM,208,3,June,2014,6,6/3/2014,Tuesday
653,10:30,AM,39,4,June,2014,6,6/4/2014,Wednesday
654,12:00,PM,980,4,June,2014,6,6/4/2014,Wednesday
655,12:15,PM,205,4,June,2014,6,6/4/2014,Wednesday
656,12:30,PM,147,4,June,2014,6,6/4/2014,Wednesday
657,13:00,PM,417,4,June,2014,6,6/4/2014,Wednesday
658,13:30,PM,36,4,June,2014,6,6/4/2014,Wednesday
659,14:00,PM,36,4,June,2014,6,6/4/2014,Wednesday
660,17:00,PM,75,4,June,2014,6,6/4/2014,Wednesday
661,17:30,PM,144,4,June,2014,6,6/4/2014,Wednesday
662,18:00,PM,88,4,June,2014,6,6/4/2014,Wednesday
663,8:00,AM,81,5,June,2014,6,6/5/2014,Thursday
664,11:00,AM,36,5,June,2014,6,6/5/2014,Thursday
665,11:30,AM,114,5,June,2014,6,6/5/2014,Thursday
666,11:45,AM,257,5,June,2014,6,6/5/2014,Thursday
667,12:00,PM,87,5,June,2014,6,6/5/2014,Thursday
668,12:15,PM,151,5,June,2014,6,6/5/2014,Thursday
669,12:30,PM,319,5,June,2014,6,6/5/2014,Thursday
670,13:00,PM,435,5,June,2014,6,6/5/2014,Thursday
671,13:15,PM,31,5,June,2014,6,6/5/2014,Thursday
672,17:00,PM,365,5,June,2014,6,6/5/2014,Thursday
673,11:00,AM,41,6,June,2014,6,6/6/2014,Friday
674,11:30,AM,59,6,June,2014,6,6/6/2014,Friday
675,12:00,PM,420,6,June,2014,6,6/6/2014,Friday
676,12:15,PM,19,6,June,2014,6,6/6/2014,Friday
677,12:30,PM,199,6,June,2014,6,6/6/2014,Friday
678,13:00,PM,111,6,June,2014,6,6/6/2014,Friday
679,11:00,AM,103,7,June,2014,6,6/7/2014,Saturday
680,11:15,AM,19,7,June,2014,6,6/7/2014,Saturday
681,11:30,AM,74,7,June,2014,6,6/7/2014,Saturday
682,12:00,PM,418,7,June,2014,6,6/7/2014,Saturday
683,12:15,PM,54,7,June,2014,6,6/7/2014,Saturday
684,12:30,PM,213,7,June,2014,6,6/7/2014,Saturday
685,12:45,PM,49,7,June,2014,6,6/7/2014,Saturday
686,13:00,PM,157,7,June,2014,6,6/7/2014,Saturday
687,13:30,PM,32,7,June,2014,6,6/7/2014,Saturday
688,11:00,AM,40,8,June,2014,6,6/8/2014,Sunday
689,12:00,PM,209,8,June,2014,6,6/8/2014,Sunday
690,12:15,PM,68,8,June,2014,6,6/8/2014,Sunday
691,12:30,PM,348,8,June,2014,6,6/8/2014,Sunday
692,13:00,PM,253,8,June,2014,6,6/8/2014,Sunday
693,13:15,PM,29,8,June,2014,6,6/8/2014,Sunday
694,13:30,PM,80,8,June,2014,6,6/8/2014,Sunday
695,16:00,PM,56,8,June,2014,6,6/8/2014,Sunday
696,11:15,AM,82,9,June,2014,6,6/9/2014,Monday
697,11:30,AM,264,9,June,2014,6,6/9/2014,Monday
698,12:00,PM,288,9,June,2014,6,6/9/2014,Monday
699,12:15,PM,46,9,June,2014,6,6/9/2014,Monday
700,12:30,PM,597,9,June,2014,6,6/9/2014,Monday
701,13:00,PM,155,9,June,2014,6,6/9/2014,Monday
702,13:30,PM,43,9,June,2014,6,6/9/2014,Monday
703,17:30,PM,86,9,June,2014,6,6/9/2014,Monday
704,11:00,AM,289,10,June,2014,6,6/10/2014,Tuesday
705,11:30,AM,209,10,June,2014,6,6/10/2014,Tuesday
706,12:00,PM,447,10,June,2014,6,6/10/2014,Tuesday
707,12:30,PM,521,10,June,2014,6,6/10/2014,Tuesday
708,13:00,PM,480,10,June,2014,6,6/10/2014,Tuesday
709,13:30,PM,93,10,June,2014,6,6/10/2014,Tuesday
710,14:00,PM,10,10,June,2014,6,6/10/2014,Tuesday
711,16:00,PM,111,10,June,2014,6,6/10/2014,Tuesday
712,16:30,PM,250,10,June,2014,6,6/10/2014,Tuesday
713,17:00,PM,74,10,June,2014,6,6/10/2014,Tuesday
714,17:30,PM,466,10,June,2014,6,6/10/2014,Tuesday
715,11:00,AM,146,11,June,2014,6,6/11/2014,Wednesday
716,11:30,AM,327,11,June,2014,6,6/11/2014,Wednesday
717,12:00,PM,668,11,June,2014,6,6/11/2014,Wednesday
718,12:15,PM,73,11,June,2014,6,6/11/2014,Wednesday
719,12:30,PM,527,11,June,2014,6,6/11/2014,Wednesday
720,12:45,PM,138,11,June,2014,6,6/11/2014,Wednesday
721,13:00,PM,376,11,June,2014,6,6/11/2014,Wednesday
722,13:30,PM,40,11,June,2014,6,6/11/2014,Wednesday
723,17:00,PM,270,11,June,2014,6,6/11/2014,Wednesday
724,11:15,AM,50,12,June,2014,6,6/12/2014,Thursday
725,11:30,AM,53,12,June,2014,6,6/12/2014,Thursday
726,11:45,AM,34,12,June,2014,6,6/12/2014,Thursday
727,12:00,PM,322,12,June,2014,6,6/12/2014,Thursday
728,12:30,PM,686,12,June,2014,6,6/12/2014,Thursday
729,13:00,PM,311,12,June,2014,6,6/12/2014,Thursday
730,13:30,PM,95,12,June,2014,6,6/12/2014,Thursday
731,17:00,PM,578,12,June,2014,6,6/12/2014,Thursday
732,17:30,PM,40,12,June,2014,6,6/12/2014,Thursday
733,11:30,AM,162,13,June,2014,6,6/13/2014,Friday
734,11:45,AM,80,13,June,2014,6,6/13/2014,Friday
735,12:00,PM,241,13,June,2014,6,6/13/2014,Friday
736,12:15,PM,62,13,June,2014,6,6/13/2014,Friday
737,12:30,PM,492,13,June,2014,6,6/13/2014,Friday
738,13:00,PM,58,13,June,2014,6,6/13/2014,Friday
739,13:30,PM,32,13,June,2014,6,6/13/2014,Friday
740,18:00,PM,24,13,June,2014,6,6/13/2014,Friday
741,18:30,PM,55,13,June,2014,6,6/13/2014,Friday
742,11:30,AM,63,14,June,2014,6,6/14/2014,Saturday
743,12:00,PM,322,14,June,2014,6,6/14/2014,Saturday
744,12:30,PM,120,14,June,2014,6,6/14/2014,Saturday
745,13:00,PM,36,14,June,2014,6,6/14/2014,Saturday
746,17:30,PM,143,14,June,2014,6,6/14/2014,Saturday
747,12:00,PM,159,15,June,2014,6,6/15/2014,Sunday
748,12:30,PM,131,15,June,2014,6,6/15/2014,Sunday
749,12:45,PM,108,15,June,2014,6,6/15/2014,Sunday
750,13:00,PM,68,15,June,2014,6,6/15/2014,Sunday
751,11:00,AM,20,16,June,2014,6,6/16/2014,Monday
752,11:30,AM,269,16,June,2014,6,6/16/2014,Monday
753,12:00,PM,176,16,June,2014,6,6/16/2014,Monday
754,12:30,PM,54,16,June,2014,6,6/16/2014,Monday
755,13:00,PM,38,16,June,2014,6,6/16/2014,Monday
756,13:30,PM,57,16,June,2014,6,6/16/2014,Monday
757,11:00,AM,104,17,June,2014,6,6/17/2014,Tuesday
758,11:30,AM,106,17,June,2014,6,6/17/2014,Tuesday
759,11:45,AM,55,17,June,2014,6,6/17/2014,Tuesday
760,12:00,PM,299,17,June,2014,6,6/17/2014,Tuesday
761,12:15,PM,34,17,June,2014,6,6/17/2014,Tuesday
762,12:30,PM,133,17,June,2014,6,6/17/2014,Tuesday
763,13:00,PM,26,17,June,2014,6,6/17/2014,Tuesday
764,16:30,PM,150,17,June,2014,6,6/17/2014,Tuesday
765,17:30,PM,26,17,June,2014,6,6/17/2014,Tuesday
766,7:00,AM,43,18,June,2014,6,6/18/2014,Wednesday
767,11:00,AM,115,18,June,2014,6,6/18/2014,Wednesday
768,11:30,AM,159,18,June,2014,6,6/18/2014,Wednesday
769,12:00,PM,180,18,June,2014,6,6/18/2014,Wednesday
770,12:30,PM,600,18,June,2014,6,6/18/2014,Wednesday
771,13:30,PM,111,18,June,2014,6,6/18/2014,Wednesday
772,17:00,PM,50,18,June,2014,6,6/18/2014,Wednesday
773,17:30,PM,35,18,June,2014,6,6/18/2014,Wednesday
774,12:00,PM,44,19,June,2014,6,6/19/2014,Thursday
775,12:30,PM,186,19,June,2014,6,6/19/2014,Thursday
776,12:45,PM,16,19,June,2014,6,6/19/2014,Thursday
777,11:30,AM,61,20,June,2014,6,6/20/2014,Friday
778,11:45,AM,19,20,June,2014,6,6/20/2014,Friday
779,12:00,PM,64,20,June,2014,6,6/20/2014,Friday
780,12:30,PM,85,20,June,2014,6,6/20/2014,Friday
781,13:00,PM,88,20,June,2014,6,6/20/2014,Friday
782,11:00,AM,80,21,June,2014,6,6/21/2014,Saturday
783,11:30,AM,30,21,June,2014,6,6/21/2014,Saturday
784,12:00,PM,277,21,June,2014,6,6/21/2014,Saturday
785,12:15,PM,67,21,June,2014,6,6/21/2014,Saturday
786,12:30,PM,94,21,June,2014,6,6/21/2014,Saturday
787,12:45,PM,199,21,June,2014,6,6/21/2014,Saturday
788,13:00,PM,114,21,June,2014,6,6/21/2014,Saturday
789,17:00,PM,27,21,June,2014,6,6/21/2014,Saturday
790,12:00,PM,41,22,June,2014,6,6/22/2014,Sunday
791,12:30,PM,69,22,June,2014,6,6/22/2014,Sunday
792,13:00,PM,66,22,June,2014,6,6/22/2014,Sunday
793,13:15,PM,52,22,June,2014,6,6/22/2014,Sunday
794,11:15,AM,24,23,June,2014,6,6/23/2014,Monday
795,12:00,PM,258,23,June,2014,6,6/23/2014,Monday
796,12:30,PM,81,23,June,2014,6,6/23/2014,Monday
797,13:00,PM,50,23,June,2014,6,6/23/2014,Monday
798,14:00,PM,40,23,June,2014,6,6/23/2014,Monday
799,17:00,PM,55,23,June,2014,6,6/23/2014,Monday
800,17:30,PM,59,23,June,2014,6,6/23/2014,Monday
801,12:00,PM,14,24,June,2014,6,6/24/2014,Tuesday
802,12:15,PM,63,24,June,2014,6,6/24/2014,Tuesday
803,12:30,PM,121,24,June,2014,6,6/24/2014,Tuesday
804,12:45,PM,38,24,June,2014,6,6/24/2014,Tuesday
805,13:15,PM,59,24,June,2014,6,6/24/2014,Tuesday
806,16:30,PM,150,24,June,2014,6,6/24/2014,Tuesday
807,11:30,AM,38,25,June,2014,6,6/25/2014,Wednesday
808,12:00,PM,520,25,June,2014,6,6/25/2014,Wednesday
809,12:30,PM,419,25,June,2014,6,6/25/2014,Wednesday
810,17:15,PM,47,25,June,2014,6,6/25/2014,Wednesday
811,11:30,AM,60,26,June,2014,6,6/26/2014,Thursday
812,12:30,PM,53,26,June,2014,6,6/26/2014,Thursday
813,13:00,PM,100,26,June,2014,6,6/26/2014,Thursday
814,12:00,PM,40,27,June,2014,6,6/27/2014,Friday
815,12:30,PM,45,28,June,2014,6,6/28/2014,Saturday
816,13:00,PM,40,28,June,2014,6,6/28/2014,Saturday
817,12:00,PM,277,29,June,2014,6,6/29/2014,Sunday
818,12:30,PM,30,29,June,2014,6,6/29/2014,Sunday
819,12:00,PM,49,30,June,2014,6,6/30/2014,Monday
820,12:30,PM,55,30,June,2014,6,6/30/2014,Monday
821,11:45,AM,59,1,July,2014,7,7/1/2014,Tuesday
822,13:00,PM,168,3,July,2014,7,7/3/2014,Thursday
823,13:30,PM,260,5,July,2014,7,7/5/2014,Saturday
824,8:00,AM,38,9,July,2014,7,7/9/2014,Wednesday
825,11:00,AM,38,9,July,2014,7,7/9/2014,Wednesday
826,12:00,PM,108,9,July,2014,7,7/9/2014,Wednesday
827,13:00,PM,30,9,July,2014,7,7/9/2014,Wednesday
828,7:45,AM,38,10,July,2014,7,7/10/2014,Thursday
829,12:00,PM,1000,10,July,2014,7,7/10/2014,Thursday
830,17:00,PM,38,10,July,2014,7,7/10/2014,Thursday
831,13:00,PM,230,12,July,2014,7,7/12/2014,Saturday
832,11:30,AM,50,15,July,2014,7,7/15/2014,Tuesday
833,12:00,PM,50,15,July,2014,7,7/15/2014,Tuesday
834,12:00,PM,70,16,July,2014,7,7/16/2014,Wednesday
835,12:30,PM,160,16,July,2014,7,7/16/2014,Wednesday
836,13:00,PM,50,16,July,2014,7,7/16/2014,Wednesday
837,13:00,PM,42,18,July,2014,7,7/18/2014,Friday
838,12:00,PM,45,21,July,2014,7,7/21/2014,Monday
839,13:00,PM,45,22,July,2014,7,7/22/2014,Tuesday
840,17:30,PM,160,22,July,2014,7,7/22/2014,Tuesday
841,12:00,PM,115,23,July,2014,7,7/23/2014,Wednesday
842,12:30,PM,45,24,July,2014,7,7/24/2014,Thursday
843,11:00,AM,39,26,July,2014,7,7/26/2014,Saturday
844,13:00,PM,45,28,July,2014,7,7/28/2014,Monday
845,12:00,PM,79,30,July,2014,7,7/30/2014,Wednesday
846,12:00,PM,45,31,July,2014,7,7/31/2014,Thursday
847,13:00,PM,34,31,July,2014,7,7/31/2014,Thursday
848,13:00,PM,45,1,August,2014,8,8/1/2014,Friday
849,12:30,PM,55,2,August,2014,8,8/2/2014,Saturday
850,12:30,PM,18,3,August,2014,8,8/3/2014,Sunday
851,12:00,PM,98,9,August,2014,8,8/9/2014,Saturday
852,8:00,AM,75,19,August,2014,8,8/19/2014,Tuesday
853,8:00,AM,75,20,August,2014,8,8/20/2014,Wednesday
854,8:00,AM,75,21,August,2014,8,8/21/2014,Thursday
855,11:00,AM,75,21,August,2014,8,8/21/2014,Thursday
856,12:30,PM,43,28,August,2014,8,8/28/2014,Thursday
857,17:00,PM,80,9,September,2014,9,9/9/2014,Tuesday
858,17:00,PM,80,10,September,2014,9,9/10/2014,Wednesday
859,12:00,PM,51,11,September,2014,9,9/11/2014,Thursday
860,17:00,PM,80,11,September,2014,9,9/11/2014,Thursday
861,16:30,PM,63,12,September,2014,9,9/12/2014,Friday
862,12:30,PM,51,13,September,2014,9,9/13/2014,Saturday
863,17:00,PM,82,16,September,2014,9,9/16/2014,Tuesday
864,12:00,PM,194,18,September,2014,9,9/18/2014,Thursday
865,12:30,PM,41,19,September,2014,9,9/19/2014,Friday
866,12:00,PM,24,20,September,2014,9,9/20/2014,Saturday
867,11:30,AM,82,23,September,2014,9,9/23/2014,Tuesday
868,13:00,PM,63,24,September,2014,9,9/24/2014,Wednesday
869,12:00,PM,25,26,September,2014,9,9/26/2014,Friday
870,12:00,PM,47,29,September,2014,9,9/29/2014,Monday
871,17:15,PM,300,1,October,2014,10,10/1/2014,Wednesday
872,12:00,PM,23,2,October,2014,10,10/2/2014,Thursday
873,12:30,PM,160,2,October,2014,10,10/2/2014,Thursday
874,12:00,PM,57,3,October,2014,10,10/3/2014,Friday
875,13:00,PM,37,3,October,2014,10,10/3/2014,Friday
876,7:30,AM,40,6,October,2014,10,10/6/2014,Monday
877,12:00,PM,41,6,October,2014,10,10/6/2014,Monday
878,12:00,PM,40,7,October,2014,10,10/7/2014,Tuesday
879,12:00,PM,33,8,October,2014,10,10/8/2014,Wednesday
880,13:00,PM,56,8,October,2014,10,10/8/2014,Wednesday
881,11:30,AM,105,9,October,2014,10,10/9/2014,Thursday
882,12:30,PM,166,9,October,2014,10,10/9/2014,Thursday
883,12:00,PM,45,10,October,2014,10,10/10/2014,Friday
884,17:30,PM,100,10,October,2014,10,10/10/2014,Friday
885,12:00,PM,87,11,October,2014,10,10/11/2014,Saturday
886,12:30,PM,158,11,October,2014,10,10/11/2014,Saturday
887,11:45,AM,32,13,October,2014,10,10/13/2014,Monday
888,13:00,PM,83,13,October,2014,10,10/13/2014,Monday
889,11:00,AM,33,14,October,2014,10,10/14/2014,Tuesday
890,11:30,AM,25,14,October,2014,10,10/14/2014,Tuesday
891,12:00,PM,300,14,October,2014,10,10/14/2014,Tuesday
892,13:30,PM,280,14,October,2014,10,10/14/2014,Tuesday
893,17:00,PM,145,14,October,2014,10,10/14/2014,Tuesday
894,11:00,AM,80,15,October,2014,10,10/15/2014,Wednesday
895,11:30,AM,85,15,October,2014,10,10/15/2014,Wednesday
896,12:00,PM,253,15,October,2014,10,10/15/2014,Wednesday
897,12:30,PM,58,15,October,2014,10,10/15/2014,Wednesday
898,17:00,PM,215,15,October,2014,10,10/15/2014,Wednesday
899,18:00,PM,195,15,October,2014,10,10/15/2014,Wednesday
900,11:30,AM,118,16,October,2014,10,10/16/2014,Thursday
901,12:00,PM,88,16,October,2014,10,10/16/2014,Thursday
902,13:00,PM,75,16,October,2014,10,10/16/2014,Thursday
903,14:30,PM,69,16,October,2014,10,10/16/2014,Thursday
904,11:30,AM,70,17,October,2014,10,10/17/2014,Friday
905,12:00,PM,31,17,October,2014,10,10/17/2014,Friday
906,12:30,PM,101,17,October,2014,10,10/17/2014,Friday
907,13:00,PM,73,17,October,2014,10,10/17/2014,Friday
908,13:30,PM,43,17,October,2014,10,10/17/2014,Friday
909,11:45,AM,51,18,October,2014,10,10/18/2014,Saturday
910,13:30,PM,40,18,October,2014,10,10/18/2014,Saturday
911,17:30,PM,77,18,October,2014,10,10/18/2014,Saturday
912,12:00,PM,70,21,October,2014,10,10/21/2014,Tuesday
913,12:30,PM,70,21,October,2014,10,10/21/2014,Tuesday
914,13:30,PM,44,21,October,2014,10,10/21/2014,Tuesday
915,17:00,PM,300,21,October,2014,10,10/21/2014,Tuesday
916,12:00,PM,70,22,October,2014,10,10/22/2014,Wednesday
917,13:00,PM,32,22,October,2014,10,10/22/2014,Wednesday
918,11:00,AM,450,23,October,2014,10,10/23/2014,Thursday
919,11:30,AM,105,23,October,2014,10,10/23/2014,Thursday
920,12:00,PM,779,23,October,2014,10,10/23/2014,Thursday
921,18:00,PM,24,23,October,2014,10,10/23/2014,Thursday
922,11:00,AM,132,24,October,2014,10,10/24/2014,Friday
923,11:30,AM,159,24,October,2014,10,10/24/2014,Friday
924,12:00,PM,35,24,October,2014,10,10/24/2014,Friday
925,13:00,PM,174,24,October,2014,10,10/24/2014,Friday
926,12:30,PM,175,25,October,2014,10,10/25/2014,Saturday
927,13:00,PM,89,25,October,2014,10,10/25/2014,Saturday
928,12:00,PM,112,27,October,2014,10,10/27/2014,Monday
929,11:30,AM,109,29,October,2014,10,10/29/2014,Wednesday
930,7:00,AM,180,30,October,2014,10,10/30/2014,Thursday
931,12:00,PM,180,30,October,2014,10,10/30/2014,Thursday
932,12:30,PM,23,30,October,2014,10,10/30/2014,Thursday
933,21:00,PM,180,30,October,2014,10,10/30/2014,Thursday
934,12:00,PM,74,31,October,2014,10,10/31/2014,Friday
935,12:30,PM,108,31,October,2014,10,10/31/2014,Friday
936,12:00,PM,100,1,November,2014,11,11/1/2014,Saturday
937,17:00,PM,374,1,November,2014,11,11/1/2014,Saturday
938,11:00,AM,169,3,November,2014,11,11/3/2014,Monday
939,11:30,AM,126,3,November,2014,11,11/3/2014,Monday
940,12:00,PM,74,3,November,2014,11,11/3/2014,Monday
941,17:00,PM,93,3,November,2014,11,11/3/2014,Monday
942,12:00,PM,145,4,November,2014,11,11/4/2014,Tuesday
943,13:00,PM,45,4,November,2014,11,11/4/2014,Tuesday
944,17:00,PM,56,4,November,2014,11,11/4/2014,Tuesday
945,7:00,AM,100,5,November,2014,11,11/5/2014,Wednesday
946,11:00,AM,139,5,November,2014,11,11/5/2014,Wednesday
947,13:00,PM,562,5,November,2014,11,11/5/2014,Wednesday
948,18:00,PM,120,5,November,2014,11,11/5/2014,Wednesday
949,11:00,AM,180,6,November,2014,11,11/6/2014,Thursday
950,12:00,PM,664,6,November,2014,11,11/6/2014,Thursday
951,12:30,PM,90,6,November,2014,11,11/6/2014,Thursday
952,13:00,PM,284,6,November,2014,11,11/6/2014,Thursday
953,17:30,PM,205,6,November,2014,11,11/6/2014,Thursday
954,18:00,PM,205,6,November,2014,11,11/6/2014,Thursday
955,12:00,PM,80,7,November,2014,11,11/7/2014,Friday
956,12:30,PM,182,7,November,2014,11,11/7/2014,Friday
957,13:00,PM,205,7,November,2014,11,11/7/2014,Friday
958,13:30,PM,232,7,November,2014,11,11/7/2014,Friday
959,11:00,AM,353,8,November,2014,11,11/8/2014,Saturday
960,12:00,PM,223,8,November,2014,11,11/8/2014,Saturday
961,12:00,PM,171,11,November,2014,11,11/11/2014,Tuesday
962,13:00,PM,45,11,November,2014,11,11/11/2014,Tuesday
963,17:30,PM,114,11,November,2014,11,11/11/2014,Tuesday
964,11:00,AM,74,12,November,2014,11,11/12/2014,Wednesday
965,11:30,AM,70,12,November,2014,11,11/12/2014,Wednesday
966,17:00,PM,189,12,November,2014,11,11/12/2014,Wednesday
967,18:00,PM,214,12,November,2014,11,11/12/2014,Wednesday
968,7:00,AM,90,13,November,2014,11,11/13/2014,Thursday
969,11:30,AM,190,13,November,2014,11,11/13/2014,Thursday
970,12:00,PM,414,13,November,2014,11,11/13/2014,Thursday
971,17:30,PM,130,13,November,2014,11,11/13/2014,Thursday
972,9:00,AM,50,14,November,2014,11,11/14/2014,Friday
973,11:30,AM,288,14,November,2014,11,11/14/2014,Friday
974,12:30,PM,87,14,November,2014,11,11/14/2014,Friday
975,17:30,PM,130,14,November,2014,11,11/14/2014,Friday
976,12:00,PM,58,15,November,2014,11,11/15/2014,Saturday
977,12:30,PM,42,15,November,2014,11,11/15/2014,Saturday
978,13:00,PM,107,15,November,2014,11,11/15/2014,Saturday
979,11:30,AM,81,18,November,2014,11,11/18/2014,Tuesday
980,11:30,AM,171,19,November,2014,11,11/19/2014,Wednesday
981,16:30,PM,90,19,November,2014,11,11/19/2014,Wednesday
982,11:30,AM,52,20,November,2014,11,11/20/2014,Thursday
983,12:00,PM,149,20,November,2014,11,11/20/2014,Thursday
984,11:00,AM,93,21,November,2014,11,11/21/2014,Friday
985,11:30,AM,90,21,November,2014,11,11/21/2014,Friday
986,12:00,PM,100,21,November,2014,11,11/21/2014,Friday
987,11:30,AM,154,22,November,2014,11,11/22/2014,Saturday
988,12:30,PM,44,22,November,2014,11,11/22/2014,Saturday
989,13:00,PM,29,22,November,2014,11,11/22/2014,Saturday
990,17:30,PM,67,22,November,2014,11,11/22/2014,Saturday
991,12:00,PM,95,24,November,2014,11,11/24/2014,Monday
992,17:30,PM,125,24,November,2014,11,11/24/2014,Monday
993,11:00,AM,59,25,November,2014,11,11/25/2014,Tuesday
994,13:30,PM,63,25,November,2014,11,11/25/2014,Tuesday
995,13:00,PM,250,1,December,2014,12,12/1/2014,Monday
996,18:00,PM,250,1,December,2014,12,12/1/2014,Monday
997,14:00,PM,250,2,December,2014,12,12/2/2014,Tuesday
998,17:00,PM,178,2,December,2014,12,12/2/2014,Tuesday
999,18:00,PM,250,2,December,2014,12,12/2/2014,Tuesday
1000,11:00,AM,100,3,December,2014,12,12/3/2014,Wednesday
1001,17:30,PM,120,3,December,2014,12,12/3/2014,Wednesday
1002,12:30,PM,92,3,December,2014,12,12/3/2014,Wednesday
1003,16:00,PM,250,3,December,2014,12,12/3/2014,Wednesday
1004,7:30,AM,100,4,December,2014,12,12/4/2014,Thursday
1005,12:00,PM,61,4,December,2014,12,12/4/2014,Thursday
1006,12:30,PM,35,4,December,2014,12,12/4/2014,Thursday
1007,12:00,PM,44,6,December,2014,12,12/6/2014,Saturday
1008,17:00,PM,80,6,December,2014,12,12/6/2014,Saturday
1009,12:00,PM,102,10,December,2014,12,12/10/2014,Wednesday
1010,17:30,PM,234,10,December,2014,12,12/10/2014,Wednesday
1011,11:00,AM,49,17,December,2014,12,12/17/2014,Wednesday
1012,12:30,PM,83,17,December,2014,12,12/17/2014,Wednesday
1013,11:30,AM,105,18,December,2014,12,12/18/2014,Thursday
1014,12:00,PM,66,18,December,2014,12,12/18/2014,Thursday
1015,11:30,AM,105,19,December,2014,12,12/19/2014,Friday
1016,12:00,PM,171,19,December,2014,12,12/19/2014,Friday
1017,12:00,PM,30,13,January,2015,1,1/13/2015,Tuesday
1018,13:00,PM,62,16,January,2015,1,1/16/2015,Friday
1019,12:00,PM,39,17,January,2015,1,1/17/2015,Saturday
1020,12:30,PM,20,19,January,2015,1,1/19/2015,Monday
1021,13:00,PM,49,19,January,2015,1,1/19/2015,Monday
1022,12:00,PM,100,20,January,2015,1,1/20/2015,Tuesday
1023,11:00,AM,50,22,January,2015,1,1/22/2015,Thursday
1024,12:00,PM,125,22,January,2015,1,1/22/2015,Thursday
1025,12:30,PM,136,22,January,2015,1,1/22/2015,Thursday
1026,11:30,AM,95,27,January,2015,1,1/27/2015,Tuesday
1027,11:30,AM,33,4,February,2015,2,2/4/2015,Wednesday
1028,12:30,PM,88,4,February,2015,2,2/4/2015,Wednesday
1029,12:30,PM,56,6,February,2015,2,2/6/2015,Friday
1030,12:00,PM,14,7,February,2015,2,2/7/2015,Saturday
1031,12:30,PM,53,7,February,2015,2,2/7/2015,Saturday
1032,13:00,PM,86,9,February,2015,2,2/9/2015,Monday
1033,12:00,PM,55,12,February,2015,2,2/12/2015,Thursday
1034,13:00,PM,74,12,February,2015,2,2/12/2015,Thursday
1035,12:00,PM,29,13,February,2015,2,2/13/2015,Friday
1036,10:00,AM,202,14,February,2015,2,2/14/2015,Saturday
1037,11:30,AM,59,14,February,2015,2,2/14/2015,Saturday
1038,12:00,PM,114,14,February,2015,2,2/14/2015,Saturday
1039,13:00,PM,64,14,February,2015,2,2/14/2015,Saturday
1040,11:00,AM,38,16,February,2015,2,2/16/2015,Monday
1041,12:00,PM,201,17,February,2015,2,2/17/2015,Tuesday
1042,13:00,PM,106,17,February,2015,2,2/17/2015,Tuesday
1043,17:00,PM,22,17,February,2015,2,2/17/2015,Tuesday
1044,12:00,PM,122,18,February,2015,2,2/18/2015,Wednesday
1045,18:00,PM,150,18,February,2015,2,2/18/2015,Wednesday
1046,13:30,PM,147,19,February,2015,2,2/19/2015,Thursday
1047,12:00,PM,165,20,February,2015,2,2/20/2015,Friday
1048,17:30,PM,68,20,February,2015,2,2/20/2015,Friday
1049,13:00,PM,33,24,February,2015,2,2/24/2015,Tuesday
1050,18:00,PM,150,25,February,2015,2,2/25/2015,Wednesday
1051,11:00,AM,100,26,February,2015,2,2/26/2015,Thursday
1052,12:00,PM,106,26,February,2015,2,2/26/2015,Thursday
1053,18:00,PM,300,26,February,2015,2,2/26/2015,Thursday
1054,11:00,AM,112,27,February,2015,2,2/27/2015,Friday
1055,12:30,PM,179,27,February,2015,2,2/27/2015,Friday
1056,17:30,PM,55,27,February,2015,2,2/27/2015,Friday
1057,11:30,AM,129,28,February,2015,2,2/28/2015,Saturday
1058,12:00,PM,90,28,February,2015,2,2/28/2015,Saturday
1059,13:30,PM,160,28,February,2015,2,2/28/2015,Saturday
1060,12:00,PM,53,1,March,2015,3,3/1/2015,Sunday
1061,13:30,PM,116,2,March,2015,3,3/2/2015,Monday
1062,11:00,AM,59,3,March,2015,3,3/3/2015,Tuesday
1063,12:00,PM,19,3,March,2015,3,3/3/2015,Tuesday
1064,12:30,PM,59,3,March,2015,3,3/3/2015,Tuesday
1065,13:00,PM,69,3,March,2015,3,3/3/2015,Tuesday
1066,12:30,PM,105,4,March,2015,3,3/4/2015,Wednesday
1067,13:00,PM,58,4,March,2015,3,3/4/2015,Wednesday
1068,13:30,PM,35,4,March,2015,3,3/4/2015,Wednesday
1069,11:30,AM,22,5,March,2015,3,3/5/2015,Thursday
1070,12:00,PM,79,5,March,2015,3,3/5/2015,Thursday
1071,13:00,PM,125,5,March,2015,3,3/5/2015,Thursday
1072,12:30,PM,130,6,March,2015,3,3/6/2015,Friday
1073,11:00,AM,64,7,March,2015,3,3/7/2015,Saturday
1074,12:00,PM,13,7,March,2015,3,3/7/2015,Saturday
1075,13:00,PM,111,7,March,2015,3,3/7/2015,Saturday
1076,12:00,PM,50,8,March,2015,3,3/8/2015,Sunday
1077,13:00,PM,114,8,March,2015,3,3/8/2015,Sunday
1078,11:30,AM,33,9,March,2015,3,3/9/2015,Monday
1079,13:00,PM,72,9,March,2015,3,3/9/2015,Monday
1080,13:30,PM,42,9,March,2015,3,3/9/2015,Monday
1081,12:00,PM,38,10,March,2015,3,3/10/2015,Tuesday
1082,13:00,PM,126,10,March,2015,3,3/10/2015,Tuesday
1083,13:30,PM,29,10,March,2015,3,3/10/2015,Tuesday
1084,11:00,AM,59,11,March,2015,3,3/11/2015,Wednesday
1085,11:30,AM,101,11,March,2015,3,3/11/2015,Wednesday
1086,12:00,PM,48,11,March,2015,3,3/11/2015,Wednesday
1087,13:30,PM,31,11,March,2015,3,3/11/2015,Wednesday
1088,11:00,AM,68,12,March,2015,3,3/12/2015,Thursday
1089,11:30,AM,53,12,March,2015,3,3/12/2015,Thursday
1090,13:00,PM,131,12,March,2015,3,3/12/2015,Thursday
1091,18:00,PM,45,12,March,2015,3,3/12/2015,Thursday
1092,11:00,AM,249,13,March,2015,3,3/13/2015,Friday
1093,12:00,PM,106,13,March,2015,3,3/13/2015,Friday
1094,13:00,PM,66,13,March,2015,3,3/13/2015,Friday
1095,13:30,PM,21,13,March,2015,3,3/13/2015,Friday
1096,17:30,PM,134,13,March,2015,3,3/13/2015,Friday
1097,11:00,AM,163,14,March,2015,3,3/14/2015,Saturday
1098,12:00,PM,72,14,March,2015,3,3/14/2015,Saturday
1099,12:00,PM,203,15,March,2015,3,3/15/2015,Sunday
1100,12:30,PM,35,15,March,2015,3,3/15/2015,Sunday
1101,13:00,PM,414,15,March,2015,3,3/15/2015,Sunday
1102,13:30,PM,358,15,March,2015,3,3/15/2015,Sunday
1103,11:00,AM,260,16,March,2015,3,3/16/2015,Monday
1104,12:00,PM,75,16,March,2015,3,3/16/2015,Monday
1105,12:30,PM,34,16,March,2015,3,3/16/2015,Monday
1106,13:00,PM,113,16,March,2015,3,3/16/2015,Monday
1107,13:30,PM,94,16,March,2015,3,3/16/2015,Monday
1108,11:00,AM,64,17,March,2015,3,3/17/2015,Tuesday
1109,11:30,AM,270,17,March,2015,3,3/17/2015,Tuesday
1110,12:00,PM,108,17,March,2015,3,3/17/2015,Tuesday
1111,12:30,PM,70,17,March,2015,3,3/17/2015,Tuesday
1112,13:00,PM,126,17,March,2015,3,3/17/2015,Tuesday
1113,13:30,PM,101,17,March,2015,3,3/17/2015,Tuesday
1114,17:30,PM,31,17,March,2015,3,3/17/2015,Tuesday
1115,11:30,AM,427,18,March,2015,3,3/18/2015,Wednesday
1116,12:00,PM,51,18,March,2015,3,3/18/2015,Wednesday
1117,12:30,PM,28,18,March,2015,3,3/18/2015,Wednesday
1118,13:00,PM,91,18,March,2015,3,3/18/2015,Wednesday
1119,17:30,PM,150,18,March,2015,3,3/18/2015,Wednesday
1120,7:30,AM,210,19,March,2015,3,3/19/2015,Thursday
1121,11:00,AM,59,19,March,2015,3,3/19/2015,Thursday
1122,12:00,PM,620,19,March,2015,3,3/19/2015,Thursday
1123,12:30,PM,50,19,March,2015,3,3/19/2015,Thursday
1124,13:00,PM,50,19,March,2015,3,3/19/2015,Thursday
1125,17:00,PM,477,19,March,2015,3,3/19/2015,Thursday
1126,11:30,AM,71,20,March,2015,3,3/20/2015,Friday
1127,12:00,PM,283,20,March,2015,3,3/20/2015,Friday
1128,13:30,PM,24,20,March,2015,3,3/20/2015,Friday
1129,17:00,PM,64,20,March,2015,3,3/20/2015,Friday
1130,17:30,PM,55,20,March,2015,3,3/20/2015,Friday
1131,18:00,PM,61,20,March,2015,3,3/20/2015,Friday
1132,11:00,AM,144,21,March,2015,3,3/21/2015,Saturday
1133,11:30,AM,55,21,March,2015,3,3/21/2015,Saturday
1134,12:30,PM,201,21,March,2015,3,3/21/2015,Saturday
1135,18:00,PM,80,21,March,2015,3,3/21/2015,Saturday
1136,12:00,PM,87,22,March,2015,3,3/22/2015,Sunday
1137,13:00,PM,79,22,March,2015,3,3/22/2015,Sunday
1138,13:30,PM,98,22,March,2015,3,3/22/2015,Sunday
1139,14:00,PM,56,22,March,2015,3,3/22/2015,Sunday
1140,12:00,PM,169,23,March,2015,3,3/23/2015,Monday
1141,13:00,PM,23,23,March,2015,3,3/23/2015,Monday
1142,13:30,PM,56,23,March,2015,3,3/23/2015,Monday
1143,17:00,PM,89,23,March,2015,3,3/23/2015,Monday
1144,18:00,PM,80,23,March,2015,3,3/23/2015,Monday
1145,11:30,AM,41,24,March,2015,3,3/24/2015,Tuesday
1146,12:00,PM,98,24,March,2015,3,3/24/2015,Tuesday
1147,12:30,PM,74,24,March,2015,3,3/24/2015,Tuesday
1148,13:00,PM,55,24,March,2015,3,3/24/2015,Tuesday
1149,17:00,PM,50,24,March,2015,3,3/24/2015,Tuesday
1150,18:00,PM,97,24,March,2015,3,3/24/2015,Tuesday
1151,11:00,AM,272,25,March,2015,3,3/25/2015,Wednesday
1152,11:30,AM,49,25,March,2015,3,3/25/2015,Wednesday
1153,12:00,PM,217,25,March,2015,3,3/25/2015,Wednesday
1154,12:30,PM,85,25,March,2015,3,3/25/2015,Wednesday
1155,13:30,PM,190,25,March,2015,3,3/25/2015,Wednesday
1156,16:30,PM,96,25,March,2015,3,3/25/2015,Wednesday
1157,17:00,PM,50,25,March,2015,3,3/25/2015,Wednesday
1158,17:30,PM,147,25,March,2015,3,3/25/2015,Wednesday
1159,11:00,AM,31,26,March,2015,3,3/26/2015,Thursday
1160,11:30,AM,250,26,March,2015,3,3/26/2015,Thursday
1161,12:00,PM,146,26,March,2015,3,3/26/2015,Thursday
1162,12:30,PM,162,26,March,2015,3,3/26/2015,Thursday
1163,13:00,PM,89,26,March,2015,3,3/26/2015,Thursday
1164,13:30,PM,123,26,March,2015,3,3/26/2015,Thursday
1165,18:30,PM,41,26,March,2015,3,3/26/2015,Thursday
1166,11:00,AM,102,27,March,2015,3,3/27/2015,Friday
1167,12:00,PM,25,27,March,2015,3,3/27/2015,Friday
1168,12:30,PM,77,27,March,2015,3,3/27/2015,Friday
1169,13:00,PM,71,27,March,2015,3,3/27/2015,Friday
1170,13:30,PM,45,27,March,2015,3,3/27/2015,Friday
1171,17:00,PM,165,27,March,2015,3,3/27/2015,Friday
1172,11:00,AM,30,28,March,2015,3,3/28/2015,Saturday
1173,11:30,AM,134,28,March,2015,3,3/28/2015,Saturday
1174,12:30,PM,134,28,March,2015,3,3/28/2015,Saturday
1175,13:00,PM,77,28,March,2015,3,3/28/2015,Saturday
1176,13:30,PM,105,28,March,2015,3,3/28/2015,Saturday
1177,16:30,PM,63,28,March,2015,3,3/28/2015,Saturday
1178,17:00,PM,53,28,March,2015,3,3/28/2015,Saturday
1179,17:30,PM,80,28,March,2015,3,3/28/2015,Saturday
1180,18:00,PM,17,28,March,2015,3,3/28/2015,Saturday
1181,12:00,PM,179,29,March,2015,3,3/29/2015,Sunday
1182,12:30,PM,204,29,March,2015,3,3/29/2015,Sunday
1183,13:30,PM,104,29,March,2015,3,3/29/2015,Sunday
1184,11:00,AM,175,30,March,2015,3,3/30/2015,Monday
1185,11:30,AM,29,30,March,2015,3,3/30/2015,Monday
1186,12:00,PM,101,30,March,2015,3,3/30/2015,Monday
1187,12:30,PM,23,30,March,2015,3,3/30/2015,Monday
1188,13:00,PM,342,30,March,2015,3,3/30/2015,Monday
1189,13:30,PM,53,30,March,2015,3,3/30/2015,Monday
1190,17:30,PM,56,30,March,2015,3,3/30/2015,Monday
1191,18:00,PM,98,30,March,2015,3,3/30/2015,Monday
1192,12:00,PM,274,31,March,2015,3,3/31/2015,Tuesday
1193,13:30,PM,81,31,March,2015,3,3/31/2015,Tuesday
1194,16:30,PM,125,31,March,2015,3,3/31/2015,Tuesday
1195,17:00,PM,100,31,March,2015,3,3/31/2015,Tuesday
1196,17:30,PM,72,31,March,2015,3,3/31/2015,Tuesday
1197,18:00,PM,446,31,March,2015,3,3/31/2015,Tuesday
1198,11:00,AM,143,1,April,2015,4,4/1/2015,Wednesday
1199,11:30,AM,83,1,April,2015,4,4/1/2015,Wednesday
1200,12:00,PM,218,1,April,2015,4,4/1/2015,Wednesday
1201,12:30,PM,216,1,April,2015,4,4/1/2015,Wednesday
1202,13:00,PM,110,1,April,2015,4,4/1/2015,Wednesday
1203,13:30,PM,66,1,April,2015,4,4/1/2015,Wednesday
1204,14:00,PM,51,1,April,2015,4,4/1/2015,Wednesday
1205,17:30,PM,364,1,April,2015,4,4/1/2015,Wednesday
1206,18:00,PM,293,1,April,2015,4,4/1/2015,Wednesday
1207,11:00,AM,56,2,April,2015,4,4/2/2015,Thursday
1208,11:30,AM,126,2,April,2015,4,4/2/2015,Thursday
1209,12:00,PM,54,2,April,2015,4,4/2/2015,Thursday
1210,13:00,PM,128,2,April,2015,4,4/2/2015,Thursday
1211,17:00,PM,440,2,April,2015,4,4/2/2015,Thursday
1212,11:00,AM,56,3,April,2015,4,4/3/2015,Friday
1213,11:30,AM,33,3,April,2015,4,4/3/2015,Friday
1214,12:00,PM,112,3,April,2015,4,4/3/2015,Friday
1215,13:00,PM,166,3,April,2015,4,4/3/2015,Friday
1216,13:30,PM,54,3,April,2015,4,4/3/2015,Friday
1217,17:30,PM,33,3,April,2015,4,4/3/2015,Friday
1218,11:00,AM,54,4,April,2015,4,4/4/2015,Saturday
1219,12:00,PM,60,4,April,2015,4,4/4/2015,Saturday
1220,12:30,PM,93,4,April,2015,4,4/4/2015,Saturday
1221,13:00,PM,97,4,April,2015,4,4/4/2015,Saturday
1222,13:30,PM,25,4,April,2015,4,4/4/2015,Saturday
1223,17:00,PM,49,4,April,2015,4,4/4/2015,Saturday
1224,7:00,AM,55,6,April,2015,4,4/6/2015,Monday
1225,11:00,AM,181,6,April,2015,4,4/6/2015,Monday
1226,11:30,AM,43,6,April,2015,4,4/6/2015,Monday
1227,12:30,PM,55,6,April,2015,4,4/6/2015,Monday
1228,13:00,PM,85,6,April,2015,4,4/6/2015,Monday
1229,13:30,PM,72,6,April,2015,4,4/6/2015,Monday
1230,11:00,AM,188,7,April,2015,4,4/7/2015,Tuesday
1231,11:30,AM,167,7,April,2015,4,4/7/2015,Tuesday
1232,12:00,PM,247,7,April,2015,4,4/7/2015,Tuesday
1233,12:30,PM,56,7,April,2015,4,4/7/2015,Tuesday
1234,13:00,PM,228,7,April,2015,4,4/7/2015,Tuesday
1235,13:30,PM,91,7,April,2015,4,4/7/2015,Tuesday
1236,11:00,AM,82,8,April,2015,4,4/8/2015,Wednesday
1237,11:30,AM,247,8,April,2015,4,4/8/2015,Wednesday
1238,12:00,PM,273,8,April,2015,4,4/8/2015,Wednesday
1239,13:00,PM,334,8,April,2015,4,4/8/2015,Wednesday
1240,13:30,PM,51,8,April,2015,4,4/8/2015,Wednesday
1241,17:00,PM,55,8,April,2015,4,4/8/2015,Wednesday
1242,18:00,PM,242,8,April,2015,4,4/8/2015,Wednesday
1243,18:30,PM,155,8,April,2015,4,4/8/2015,Wednesday
1244,11:00,AM,305,9,April,2015,4,4/9/2015,Thursday
1245,11:30,AM,143,9,April,2015,4,4/9/2015,Thursday
1246,12:00,PM,430,9,April,2015,4,4/9/2015,Thursday
1247,12:30,PM,87,9,April,2015,4,4/9/2015,Thursday
1248,13:00,PM,457,9,April,2015,4,4/9/2015,Thursday
1249,17:30,PM,249,9,April,2015,4,4/9/2015,Thursday
1250,18:00,PM,110,9,April,2015,4,4/9/2015,Thursday
1251,11:00,AM,138,10,April,2015,4,4/10/2015,Friday
1252,11:30,AM,207,10,April,2015,4,4/10/2015,Friday
1253,12:00,PM,349,10,April,2015,4,4/10/2015,Friday
1254,12:30,PM,230,10,April,2015,4,4/10/2015,Friday
1255,13:00,PM,196,10,April,2015,4,4/10/2015,Friday
1256,14:00,PM,56,10,April,2015,4,4/10/2015,Friday
1257,16:30,PM,237,10,April,2015,4,4/10/2015,Friday
1258,17:00,PM,41,10,April,2015,4,4/10/2015,Friday
1259,17:30,PM,45,10,April,2015,4,4/10/2015,Friday
1260,11:30,AM,45,11,April,2015,4,4/11/2015,Saturday
1261,12:00,PM,103,11,April,2015,4,4/11/2015,Saturday
1262,13:00,PM,149,11,April,2015,4,4/11/2015,Saturday
1263,17:30,PM,46,11,April,2015,4,4/11/2015,Saturday
1264,11:30,AM,21,12,April,2015,4,4/12/2015,Sunday
1265,12:00,PM,157,12,April,2015,4,4/12/2015,Sunday
1266,13:30,PM,36,13,April,2015,4,4/13/2015,Monday
1267,11:00,AM,187,14,April,2015,4,4/14/2015,Tuesday
1268,11:30,AM,213,14,April,2015,4,4/14/2015,Tuesday
1269,12:00,PM,85,14,April,2015,4,4/14/2015,Tuesday
1270,12:30,PM,106,14,April,2015,4,4/14/2015,Tuesday
1271,13:00,PM,184,14,April,2015,4,4/14/2015,Tuesday
1272,13:30,PM,51,14,April,2015,4,4/14/2015,Tuesday
1273,14:00,PM,11,14,April,2015,4,4/14/2015,Tuesday
1274,17:00,PM,74,14,April,2015,4,4/14/2015,Tuesday
1275,17:30,PM,164,14,April,2015,4,4/14/2015,Tuesday
1276,18:00,PM,90,14,April,2015,4,4/14/2015,Tuesday
1277,11:30,AM,100,15,April,2015,4,4/15/2015,Wednesday
1278,13:00,PM,54,15,April,2015,4,4/15/2015,Wednesday
1279,17:00,PM,32,15,April,2015,4,4/15/2015,Wednesday
1280,17:30,PM,40,15,April,2015,4,4/15/2015,Wednesday
1281,18:00,PM,231,15,April,2015,4,4/15/2015,Wednesday
1282,11:00,AM,294,16,April,2015,4,4/16/2015,Thursday
1283,11:30,AM,62,16,April,2015,4,4/16/2015,Thursday
1284,12:00,PM,46,16,April,2015,4,4/16/2015,Thursday
1285,12:30,PM,112,16,April,2015,4,4/16/2015,Thursday
1286,13:00,PM,22,16,April,2015,4,4/16/2015,Thursday
1287,17:00,PM,43,16,April,2015,4,4/16/2015,Thursday
1288,17:30,PM,180,16,April,2015,4,4/16/2015,Thursday
1289,18:00,PM,295,16,April,2015,4,4/16/2015,Thursday
1290,7:30,AM,75,17,April,2015,4,4/17/2015,Friday
1291,11:00,AM,271,17,April,2015,4,4/17/2015,Friday
1292,11:30,AM,182,17,April,2015,4,4/17/2015,Friday
1293,12:00,PM,608,17,April,2015,4,4/17/2015,Friday
1294,12:30,PM,61,17,April,2015,4,4/17/2015,Friday
1295,13:00,PM,298,17,April,2015,4,4/17/2015,Friday
1296,17:30,PM,143,17,April,2015,4,4/17/2015,Friday
1297,18:00,PM,42,17,April,2015,4,4/17/2015,Friday
1298,11:00,AM,109,18,April,2015,4,4/18/2015,Saturday
1299,12:00,PM,260,18,April,2015,4,4/18/2015,Saturday
1300,12:30,PM,112,18,April,2015,4,4/18/2015,Saturday
1301,13:00,PM,20,18,April,2015,4,4/18/2015,Saturday
1302,11:30,AM,125,19,April,2015,4,4/19/2015,Sunday
1303,12:00,PM,39,19,April,2015,4,4/19/2015,Sunday
1304,12:30,PM,43,19,April,2015,4,4/19/2015,Sunday
1305,17:00,PM,120,19,April,2015,4,4/19/2015,Sunday
1306,10:30,AM,31,20,April,2015,4,4/20/2015,Monday
1307,11:30,AM,19,20,April,2015,4,4/20/2015,Monday
1308,12:00,PM,63,20,April,2015,4,4/20/2015,Monday
1309,13:00,PM,26,20,April,2015,4,4/20/2015,Monday
1310,17:00,PM,182,20,April,2015,4,4/20/2015,Monday
1311,11:30,AM,28,21,April,2015,4,4/21/2015,Tuesday
1312,12:00,PM,50,21,April,2015,4,4/21/2015,Tuesday
1313,12:30,PM,139,21,April,2015,4,4/21/2015,Tuesday
1314,13:00,PM,143,21,April,2015,4,4/21/2015,Tuesday
1315,14:00,PM,105,21,April,2015,4,4/21/2015,Tuesday
1316,17:00,PM,93,21,April,2015,4,4/21/2015,Tuesday
1317,17:30,PM,41,21,April,2015,4,4/21/2015,Tuesday
1318,12:00,PM,349,22,April,2015,4,4/22/2015,Wednesday
1319,12:30,PM,51,22,April,2015,4,4/22/2015,Wednesday
1320,13:00,PM,345,22,April,2015,4,4/22/2015,Wednesday
1321,14:00,PM,99,22,April,2015,4,4/22/2015,Wednesday
1322,17:00,PM,50,22,April,2015,4,4/22/2015,Wednesday
1323,17:30,PM,338,22,April,2015,4,4/22/2015,Wednesday
1324,18:00,PM,33,22,April,2015,4,4/22/2015,Wednesday
1325,11:30,AM,136,23,April,2015,4,4/23/2015,Thursday
1326,12:00,PM,137,23,April,2015,4,4/23/2015,Thursday
1327,12:30,PM,177,23,April,2015,4,4/23/2015,Thursday
1328,13:00,PM,241,23,April,2015,4,4/23/2015,Thursday
1329,13:30,PM,143,23,April,2015,4,4/23/2015,Thursday
1330,17:00,PM,33,23,April,2015,4,4/23/2015,Thursday
1331,17:30,PM,70,23,April,2015,4,4/23/2015,Thursday
1332,8:00,AM,55,24,April,2015,4,4/24/2015,Friday
1333,12:00,PM,60,24,April,2015,4,4/24/2015,Friday
1334,12:30,PM,320,24,April,2015,4,4/24/2015,Friday
1335,13:00,PM,107,24,April,2015,4,4/24/2015,Friday
1336,13:30,PM,179,24,April,2015,4,4/24/2015,Friday
1337,17:00,PM,781,24,April,2015,4,4/24/2015,Friday
1338,17:30,PM,122,24,April,2015,4,4/24/2015,Friday
1339,11:00,AM,41,25,April,2015,4,4/25/2015,Saturday
1340,11:30,AM,54,25,April,2015,4,4/25/2015,Saturday
1341,12:00,PM,59,25,April,2015,4,4/25/2015,Saturday
1342,12:30,PM,532,25,April,2015,4,4/25/2015,Saturday
1343,13:00,PM,23,25,April,2015,4,4/25/2015,Saturday
1344,13:30,PM,92,25,April,2015,4,4/25/2015,Saturday
1345,17:00,PM,208,25,April,2015,4,4/25/2015,Saturday
1346,11:30,AM,122,26,April,2015,4,4/26/2015,Sunday
1347,12:00,PM,34,26,April,2015,4,4/26/2015,Sunday
1348,12:30,PM,111,26,April,2015,4,4/26/2015,Sunday
1349,13:00,PM,14,26,April,2015,4,4/26/2015,Sunday
1350,11:30,AM,28,27,April,2015,4,4/27/2015,Monday
1351,12:00,PM,33,27,April,2015,4,4/27/2015,Monday
1352,12:30,PM,153,27,April,2015,4,4/27/2015,Monday
1353,13:00,PM,145,27,April,2015,4,4/27/2015,Monday
1354,13:30,PM,29,27,April,2015,4,4/27/2015,Monday
1355,17:30,PM,56,27,April,2015,4,4/27/2015,Monday
1356,18:30,PM,31,27,April,2015,4,4/27/2015,Monday
1357,11:00,AM,179,28,April,2015,4,4/28/2015,Tuesday
1358,11:30,AM,109,28,April,2015,4,4/28/2015,Tuesday
1359,12:00,PM,186,28,April,2015,4,4/28/2015,Tuesday
1360,12:30,PM,30,28,April,2015,4,4/28/2015,Tuesday
1361,13:00,PM,184,28,April,2015,4,4/28/2015,Tuesday
1362,14:00,PM,52,28,April,2015,4,4/28/2015,Tuesday
1363,17:30,PM,153,28,April,2015,4,4/28/2015,Tuesday
1364,11:00,AM,49,29,April,2015,4,4/29/2015,Wednesday
1365,11:30,AM,92,29,April,2015,4,4/29/2015,Wednesday
1366,12:00,PM,195,29,April,2015,4,4/29/2015,Wednesday
1367,12:30,PM,150,29,April,2015,4,4/29/2015,Wednesday
1368,13:00,PM,61,29,April,2015,4,4/29/2015,Wednesday
1369,13:30,PM,61,29,April,2015,4,4/29/2015,Wednesday
1370,17:00,PM,23,29,April,2015,4,4/29/2015,Wednesday
1371,17:30,PM,176,29,April,2015,4,4/29/2015,Wednesday
1372,10:30,AM,151,30,April,2015,4,4/30/2015,Thursday
1373,11:00,AM,410,30,April,2015,4,4/30/2015,Thursday
1374,12:00,PM,218,30,April,2015,4,4/30/2015,Thursday
1375,11:30,AM,55,30,April,2015,4,4/30/2015,Thursday
1376,13:00,PM,436,30,April,2015,4,4/30/2015,Thursday
1377,17:00,PM,380,30,April,2015,4,4/30/2015,Thursday
1378,17:30,PM,252,30,April,2015,4,4/30/2015,Thursday
1379,18:00,PM,23,30,April,2015,4,4/30/2015,Thursday
1380,18:30,PM,160,30,April,2015,4,4/30/2015,Thursday
1381,11:00,AM,619,1,May,2015,5,5/1/2015,Friday
1382,11:30,AM,29,1,May,2015,5,5/1/2015,Friday
1383,12:00,PM,924,1,May,2015,5,5/1/2015,Friday
1384,12:30,PM,326,1,May,2015,5,5/1/2015,Friday
1385,13:00,PM,127,1,May,2015,5,5/1/2015,Friday
1386,13:30,PM,326,1,May,2015,5,5/1/2015,Friday
1387,17:30,PM,40,1,May,2015,5,5/1/2015,Friday
1388,11:00,AM,55,2,May,2015,5,5/2/2015,Saturday
1389,11:30,AM,88,2,May,2015,5,5/2/2015,Saturday
1390,12:00,PM,178,2,May,2015,5,5/2/2015,Saturday
1391,12:30,PM,228,2,May,2015,5,5/2/2015,Saturday
1392,13:00,PM,282,2,May,2015,5,5/2/2015,Saturday
1393,13:30,PM,100,2,May,2015,5,5/2/2015,Saturday
1394,12:00,PM,455,3,May,2015,5,5/3/2015,Sunday
1395,12:30,PM,162,3,May,2015,5,5/3/2015,Sunday
1396,13:30,PM,45,3,May,2015,5,5/3/2015,Sunday
1397,12:00,PM,55,4,May,2015,5,5/4/2015,Monday
1398,13:00,PM,109,4,May,2015,5,5/4/2015,Monday
1399,17:00,PM,23,4,May,2015,5,5/4/2015,Monday
1400,11:00,AM,146,5,May,2015,5,5/5/2015,Tuesday
1401,11:30,AM,130,5,May,2015,5,5/5/2015,Tuesday
1402,12:00,PM,380,5,May,2015,5,5/5/2015,Tuesday
1403,12:30,PM,162,5,May,2015,5,5/5/2015,Tuesday
1404,13:00,PM,79,5,May,2015,5,5/5/2015,Tuesday
1405,13:30,PM,121,5,May,2015,5,5/5/2015,Tuesday
1406,11:00,AM,336,6,May,2015,5,5/6/2015,Wednesday
1407,11:30,AM,208,6,May,2015,5,5/6/2015,Wednesday
1408,12:30,PM,145,6,May,2015,5,5/6/2015,Wednesday
1409,13:00,PM,120,6,May,2015,5,5/6/2015,Wednesday
1410,13:30,PM,176,6,May,2015,5,5/6/2015,Wednesday
1411,17:00,PM,61,6,May,2015,5,5/6/2015,Wednesday
1412,18:00,PM,103,6,May,2015,5,5/6/2015,Wednesday
1413,10:30,AM,235,7,May,2015,5,5/7/2015,Thursday
1414,11:00,AM,248,7,May,2015,5,5/7/2015,Thursday
1415,11:30,AM,353,7,May,2015,5,5/7/2015,Thursday
1416,12:00,PM,752,7,May,2015,5,5/7/2015,Thursday
1417,12:30,PM,250,7,May,2015,5,5/7/2015,Thursday
1418,13:00,PM,271,7,May,2015,5,5/7/2015,Thursday
1419,13:30,PM,47,7,May,2015,5,5/7/2015,Thursday
1420,17:00,PM,518,7,May,2015,5,5/7/2015,Thursday
1421,17:30,PM,792,7,May,2015,5,5/7/2015,Thursday
1422,18:00,PM,48,7,May,2015,5,5/7/2015,Thursday
1423,11:00,AM,191,8,May,2015,5,5/8/2015,Friday
1424,12:00,PM,490,8,May,2015,5,5/8/2015,Friday
1425,12:30,PM,199,8,May,2015,5,5/8/2015,Friday
1426,13:00,PM,377,8,May,2015,5,5/8/2015,Friday
1427,13:30,PM,129,8,May,2015,5,5/8/2015,Friday
1428,17:00,PM,205,8,May,2015,5,5/8/2015,Friday
1429,17:30,PM,143,8,May,2015,5,5/8/2015,Friday
1430,11:30,AM,98,9,May,2015,5,5/9/2015,Saturday
1431,12:00,PM,267,9,May,2015,5,5/9/2015,Saturday
1432,12:30,PM,253,9,May,2015,5,5/9/2015,Saturday
1433,13:00,PM,126,9,May,2015,5,5/9/2015,Saturday
1434,11:00,AM,96,10,May,2015,5,5/10/2015,Sunday
1435,11:30,AM,198,10,May,2015,5,5/10/2015,Sunday
1436,12:00,PM,50,10,May,2015,5,5/10/2015,Sunday
1437,13:30,PM,62,10,May,2015,5,5/10/2015,Sunday
1438,11:30,AM,235,11,May,2015,5,5/11/2015,Monday
1439,12:00,PM,162,11,May,2015,5,5/11/2015,Monday
1440,12:30,PM,208,11,May,2015,5,5/11/2015,Monday
1441,13:00,PM,61,11,May,2015,5,5/11/2015,Monday
1442,17:00,PM,96,11,May,2015,5,5/11/2015,Monday
1443,17:30,PM,133,11,May,2015,5,5/11/2015,Monday
1444,11:00,AM,76,12,May,2015,5,5/12/2015,Tuesday
1445,11:30,AM,45,12,May,2015,5,5/12/2015,Tuesday
1446,12:00,PM,87,12,May,2015,5,5/12/2015,Tuesday
1447,12:30,PM,189,12,May,2015,5,5/12/2015,Tuesday
1448,13:00,PM,209,12,May,2015,5,5/12/2015,Tuesday
1449,14:00,PM,50,12,May,2015,5,5/12/2015,Tuesday
1450,17:00,PM,206,12,May,2015,5,5/12/2015,Tuesday
1451,17:30,PM,157,12,May,2015,5,5/12/2015,Tuesday
1452,11:00,AM,132,13,May,2015,5,5/13/2015,Wednesday
1453,11:30,AM,250,13,May,2015,5,5/13/2015,Wednesday
1454,12:00,PM,588,13,May,2015,5,5/13/2015,Wednesday
1455,12:30,PM,320,13,May,2015,5,5/13/2015,Wednesday
1456,13:00,PM,237,13,May,2015,5,5/13/2015,Wednesday
1457,17:00,PM,538,13,May,2015,5,5/13/2015,Wednesday
1458,17:30,PM,433,13,May,2015,5,5/13/2015,Wednesday
1459,18:00,PM,150,13,May,2015,5,5/13/2015,Wednesday
1460,11:00,AM,216,14,May,2015,5,5/14/2015,Thursday
1461,11:30,AM,429,14,May,2015,5,5/14/2015,Thursday
1462,12:00,PM,392,14,May,2015,5,5/14/2015,Thursday
1463,12:30,PM,365,14,May,2015,5,5/14/2015,Thursday
1464,13:00,PM,794,14,May,2015,5,5/14/2015,Thursday
1465,13:30,PM,306,14,May,2015,5,5/14/2015,Thursday
1466,16:00,PM,56,14,May,2015,5,5/14/2015,Thursday
1467,17:00,PM,595,14,May,2015,5,5/14/2015,Thursday
1468,17:30,PM,430,14,May,2015,5,5/14/2015,Thursday
1469,11:00,AM,481,15,May,2015,5,5/15/2015,Friday
1470,11:30,AM,76,15,May,2015,5,5/15/2015,Friday
1471,12:00,PM,722,15,May,2015,5,5/15/2015,Friday
1472,12:30,PM,192,15,May,2015,5,5/15/2015,Friday
1473,13:00,PM,878,15,May,2015,5,5/15/2015,Friday
1474,13:30,PM,74,15,May,2015,5,5/15/2015,Friday
1475,16:00,PM,140,15,May,2015,5,5/15/2015,Friday
1476,16:30,PM,120,15,May,2015,5,5/15/2015,Friday
1477,17:00,PM,111,15,May,2015,5,5/15/2015,Friday
1478,17:30,PM,482,15,May,2015,5,5/15/2015,Friday
1479,18:00,PM,55,15,May,2015,5,5/15/2015,Friday
1480,11:00,AM,37,16,May,2015,5,5/16/2015,Saturday
1481,11:30,AM,85,16,May,2015,5,5/16/2015,Saturday
1482,12:00,PM,257,16,May,2015,5,5/16/2015,Saturday
1483,12:30,PM,265,16,May,2015,5,5/16/2015,Saturday
1484,13:30,PM,198,16,May,2015,5,5/16/2015,Saturday
1485,17:00,PM,142,16,May,2015,5,5/16/2015,Saturday
1486,12:00,PM,305,17,May,2015,5,5/17/2015,Sunday
1487,12:30,PM,187,17,May,2015,5,5/17/2015,Sunday
1488,13:30,PM,74,17,May,2015,5,5/17/2015,Sunday
1489,11:30,AM,34,18,May,2015,5,5/18/2015,Monday
1490,12:00,PM,26,18,May,2015,5,5/18/2015,Monday
1491,13:30,PM,218,18,May,2015,5,5/18/2015,Monday
1492,17:00,PM,138,18,May,2015,5,5/18/2015,Monday
1493,17:30,PM,96,18,May,2015,5,5/18/2015,Monday
1494,18:00,PM,167,18,May,2015,5,5/18/2015,Monday
1495,11:30,AM,189,19,May,2015,5,5/19/2015,Tuesday
1496,12:00,PM,695,19,May,2015,5,5/19/2015,Tuesday
1497,12:30,PM,194,19,May,2015,5,5/19/2015,Tuesday
1498,13:00,PM,75,19,May,2015,5,5/19/2015,Tuesday
1499,13:30,PM,32,19,May,2015,5,5/19/2015,Tuesday
1500,17:00,PM,347,19,May,2015,5,5/19/2015,Tuesday
1501,17:30,PM,575,19,May,2015,5,5/19/2015,Tuesday
1502,11:00,AM,40,20,May,2015,5,5/20/2015,Wednesday
1503,11:30,AM,518,20,May,2015,5,5/20/2015,Wednesday
1504,12:00,PM,440,20,May,2015,5,5/20/2015,Wednesday
1505,12:30,PM,245,20,May,2015,5,5/20/2015,Wednesday
1506,13:00,PM,412,20,May,2015,5,5/20/2015,Wednesday
1507,13:30,PM,127,20,May,2015,5,5/20/2015,Wednesday
1508,14:00,PM,128,20,May,2015,5,5/20/2015,Wednesday
1509,17:00,PM,149,20,May,2015,5,5/20/2015,Wednesday
1510,17:30,PM,971,20,May,2015,5,5/20/2015,Wednesday
1511,11:00,AM,41,21,May,2015,5,5/21/2015,Thursday
1512,11:30,AM,341,21,May,2015,5,5/21/2015,Thursday
1513,12:00,PM,372,21,May,2015,5,5/21/2015,Thursday
1514,12:30,PM,380,21,May,2015,5,5/21/2015,Thursday
1515,13:00,PM,59,21,May,2015,5,5/21/2015,Thursday
1516,14:00,PM,68,21,May,2015,5,5/21/2015,Thursday
1517,16:30,PM,330,21,May,2015,5,5/21/2015,Thursday
1518,17:00,PM,637,21,May,2015,5,5/21/2015,Thursday
1519,17:30,PM,723,21,May,2015,5,5/21/2015,Thursday
1520,18:00,PM,289,21,May,2015,5,5/21/2015,Thursday
1521,18:30,PM,32,21,May,2015,5,5/21/2015,Thursday
1522,8:00,AM,244,22,May,2015,5,5/22/2015,Friday
1523,11:00,AM,78,22,May,2015,5,5/22/2015,Friday
1524,12:00,PM,493,22,May,2015,5,5/22/2015,Friday
1525,12:30,PM,131,22,May,2015,5,5/22/2015,Friday
1526,17:00,PM,72,22,May,2015,5,5/22/2015,Friday
1527,17:30,PM,220,22,May,2015,5,5/22/2015,Friday
1528,18:00,PM,40,22,May,2015,5,5/22/2015,Friday
1529,8:00,AM,200,23,May,2015,5,5/23/2015,Saturday
1530,11:00,AM,98,23,May,2015,5,5/23/2015,Saturday
1531,12:00,PM,167,23,May,2015,5,5/23/2015,Saturday
1532,12:30,PM,268,23,May,2015,5,5/23/2015,Saturday
1533,13:30,PM,123,23,May,2015,5,5/23/2015,Saturday
1534,17:30,PM,95,23,May,2015,5,5/23/2015,Saturday
1535,12:00,PM,351,24,May,2015,5,5/24/2015,Sunday
1536,12:30,PM,67,24,May,2015,5,5/24/2015,Sunday
1537,13:00,PM,51,24,May,2015,5,5/24/2015,Sunday
1538,13:30,PM,38,24,May,2015,5,5/24/2015,Sunday
1539,11:30,AM,253,25,May,2015,5,5/25/2015,Monday
1540,12:00,PM,26,25,May,2015,5,5/25/2015,Monday
1541,12:30,PM,77,25,May,2015,5,5/25/2015,Monday
1542,13:00,PM,29,25,May,2015,5,5/25/2015,Monday
1543,17:30,PM,26,25,May,2015,5,5/25/2015,Monday
1544,18:00,PM,46,25,May,2015,5,5/25/2015,Monday
1545,11:00,AM,82,26,May,2015,5,5/26/2015,Tuesday
1546,12:30,PM,94,26,May,2015,5,5/26/2015,Tuesday
1547,13:00,PM,76,26,May,2015,5,5/26/2015,Tuesday
1548,13:30,PM,37,26,May,2015,5,5/26/2015,Tuesday
1549,16:30,PM,220,26,May,2015,5,5/26/2015,Tuesday
1550,17:30,PM,158,26,May,2015,5,5/26/2015,Tuesday
1551,18:00,PM,123,26,May,2015,5,5/26/2015,Tuesday
1552,11:00,AM,99,27,May,2015,5,5/27/2015,Wednesday
1553,11:30,AM,174,27,May,2015,5,5/27/2015,Wednesday
1554,12:00,PM,791,27,May,2015,5,5/27/2015,Wednesday
1555,12:30,PM,97,27,May,2015,5,5/27/2015,Wednesday
1556,13:00,PM,517,27,May,2015,5,5/27/2015,Wednesday
1557,13:30,PM,182,27,May,2015,5,5/27/2015,Wednesday
1558,14:30,PM,43,27,May,2015,5,5/27/2015,Wednesday
1559,17:00,PM,621,27,May,2015,5,5/27/2015,Wednesday
1560,17:30,PM,578,27,May,2015,5,5/27/2015,Wednesday
1561,18:00,PM,514,27,May,2015,5,5/27/2015,Wednesday
1562,7:30,AM,87,28,May,2015,5,5/28/2015,Thursday
1563,11:30,AM,638,28,May,2015,5,5/28/2015,Thursday
1564,12:00,PM,1094,28,May,2015,5,5/28/2015,Thursday
1565,12:30,PM,250,28,May,2015,5,5/28/2015,Thursday
1566,13:00,PM,256,28,May,2015,5,5/28/2015,Thursday
1567,13:30,PM,31,28,May,2015,5,5/28/2015,Thursday
1568,16:30,PM,295,28,May,2015,5,5/28/2015,Thursday
1569,17:00,PM,220,28,May,2015,5,5/28/2015,Thursday
1570,17:30,PM,637,28,May,2015,5,5/28/2015,Thursday
1571,18:00,PM,535,28,May,2015,5,5/28/2015,Thursday
1572,7:30,AM,87,29,May,2015,5,5/29/2015,Friday
1573,11:00,AM,40,29,May,2015,5,5/29/2015,Friday
1574,11:30,AM,464,29,May,2015,5,5/29/2015,Friday
1575,12:00,PM,397,29,May,2015,5,5/29/2015,Friday
1576,12:30,PM,294,29,May,2015,5,5/29/2015,Friday
1577,13:00,PM,235,29,May,2015,5,5/29/2015,Friday
1578,13:30,PM,79,29,May,2015,5,5/29/2015,Friday
1579,16:00,PM,180,29,May,2015,5,5/29/2015,Friday
1580,16:30,PM,110,29,May,2015,5,5/29/2015,Friday
1581,18:00,PM,78,29,May,2015,5,5/29/2015,Friday
1582,11:00,AM,43,30,May,2015,5,5/30/2015,Saturday
1583,11:30,AM,97,30,May,2015,5,5/30/2015,Saturday
1584,12:00,PM,224,30,May,2015,5,5/30/2015,Saturday
1585,12:30,PM,371,30,May,2015,5,5/30/2015,Saturday
1586,12:00,PM,463,31,May,2015,5,5/31/2015,Sunday
1587,12:30,PM,96,31,May,2015,5,5/31/2015,Sunday
1588,13:00,PM,319,31,May,2015,5,5/31/2015,Sunday
1589,13:30,PM,248,31,May,2015,5,5/31/2015,Sunday
1590,11:00,AM,32,1,June,2015,6,6/1/2015,Monday
1591,11:30,AM,111,1,June,2015,6,6/1/2015,Monday
1592,12:00,PM,305,1,June,2015,6,6/1/2015,Monday
1593,12:30,PM,125,1,June,2015,6,6/1/2015,Monday
1594,13:00,PM,121,1,June,2015,6,6/1/2015,Monday
1595,13:30,PM,55,1,June,2015,6,6/1/2015,Monday
1596,17:00,PM,89,1,June,2015,6,6/1/2015,Monday
1597,17:30,PM,331,1,June,2015,6,6/1/2015,Monday
1598,8:00,AM,66,2,June,2015,6,6/2/2015,Tuesday
1599,11:00,AM,85,2,June,2015,6,6/2/2015,Tuesday
1600,11:30,AM,310,2,June,2015,6,6/2/2015,Tuesday
1601,12:00,PM,333,2,June,2015,6,6/2/2015,Tuesday
1602,12:30,PM,195,2,June,2015,6,6/2/2015,Tuesday
1603,13:00,PM,205,2,June,2015,6,6/2/2015,Tuesday
1604,13:30,PM,109,2,June,2015,6,6/2/2015,Tuesday
1605,16:30,PM,95,2,June,2015,6,6/2/2015,Tuesday
1606,17:00,PM,109,2,June,2015,6,6/2/2015,Tuesday
1607,17:30,PM,80,2,June,2015,6,6/2/2015,Tuesday
1608,7:00,AM,70,3,June,2015,6,6/3/2015,Wednesday
1609,11:00,AM,97,3,June,2015,6,6/3/2015,Wednesday
1610,11:30,AM,1108,3,June,2015,6,6/3/2015,Wednesday
1611,12:00,PM,509,3,June,2015,6,6/3/2015,Wednesday
1612,12:30,PM,103,3,June,2015,6,6/3/2015,Wednesday
1613,13:00,PM,101,3,June,2015,6,6/3/2015,Wednesday
1614,13:30,PM,69,3,June,2015,6,6/3/2015,Wednesday
1615,17:00,PM,187,3,June,2015,6,6/3/2015,Wednesday
1616,11:00,AM,445,4,June,2015,6,6/4/2015,Thursday
1617,11:30,AM,349,4,June,2015,6,6/4/2015,Thursday
1618,12:00,PM,538,4,June,2015,6,6/4/2015,Thursday
1619,12:30,PM,96,4,June,2015,6,6/4/2015,Thursday
1620,13:00,PM,93,4,June,2015,6,6/4/2015,Thursday
1621,13:30,PM,79,4,June,2015,6,6/4/2015,Thursday
1622,17:00,PM,322,4,June,2015,6,6/4/2015,Thursday
1623,17:30,PM,250,4,June,2015,6,6/4/2015,Thursday
1624,18:00,PM,42,4,June,2015,6,6/4/2015,Thursday
1625,11:00,AM,35,5,June,2015,6,6/5/2015,Friday
1626,11:30,AM,79,5,June,2015,6,6/5/2015,Friday
1627,12:00,PM,94,5,June,2015,6,6/5/2015,Friday
1628,12:30,PM,34,5,June,2015,6,6/5/2015,Friday
1629,13:00,PM,141,5,June,2015,6,6/5/2015,Friday
1630,15:00,PM,54,5,June,2015,6,6/5/2015,Friday
1631,17:00,PM,67,5,June,2015,6,6/5/2015,Friday
1632,11:00,AM,176,6,June,2015,6,6/6/2015,Saturday
1633,11:30,AM,131,6,June,2015,6,6/6/2015,Saturday
1634,12:00,PM,172,6,June,2015,6,6/6/2015,Saturday
1635,12:30,PM,121,6,June,2015,6,6/6/2015,Saturday
1636,13:00,PM,156,6,June,2015,6,6/6/2015,Saturday
1637,17:00,PM,73,6,June,2015,6,6/6/2015,Saturday
1638,12:00,PM,333,7,June,2015,6,6/7/2015,Sunday
1639,12:30,PM,397,7,June,2015,6,6/7/2015,Sunday
1640,13:00,PM,195,7,June,2015,6,6/7/2015,Sunday
1641,13:30,PM,135,7,June,2015,6,6/7/2015,Sunday
1642,11:00,AM,165,8,June,2015,6,6/8/2015,Monday
1643,11:30,AM,353,8,June,2015,6,6/8/2015,Monday
1644,12:00,PM,474,8,June,2015,6,6/8/2015,Monday
1645,12:30,PM,250,8,June,2015,6,6/8/2015,Monday
1646,13:00,PM,55,8,June,2015,6,6/8/2015,Monday
1647,13:30,PM,31,8,June,2015,6,6/8/2015,Monday
1648,14:00,PM,37,8,June,2015,6,6/8/2015,Monday
1649,17:00,PM,27,8,June,2015,6,6/8/2015,Monday
1650,17:30,PM,92,8,June,2015,6,6/8/2015,Monday
1651,18:30,PM,110,8,June,2015,6,6/8/2015,Monday
1652,9:00,AM,20,9,June,2015,6,6/9/2015,Tuesday
1653,11:00,AM,277,9,June,2015,6,6/9/2015,Tuesday
1654,11:30,AM,144,9,June,2015,6,6/9/2015,Tuesday
1655,12:00,PM,114,9,June,2015,6,6/9/2015,Tuesday
1656,12:30,PM,157,9,June,2015,6,6/9/2015,Tuesday
1657,13:00,PM,350,9,June,2015,6,6/9/2015,Tuesday
1658,13:30,PM,38,9,June,2015,6,6/9/2015,Tuesday
1659,14:00,PM,14,9,June,2015,6,6/9/2015,Tuesday
1660,16:00,PM,140,9,June,2015,6,6/9/2015,Tuesday
1661,16:30,PM,110,9,June,2015,6,6/9/2015,Tuesday
1662,17:00,PM,120,9,June,2015,6,6/9/2015,Tuesday
1663,17:30,PM,104,9,June,2015,6,6/9/2015,Tuesday
1664,11:00,AM,45,10,June,2015,6,6/10/2015,Wednesday
1665,11:30,AM,559,10,June,2015,6,6/10/2015,Wednesday
1666,12:00,PM,361,10,June,2015,6,6/10/2015,Wednesday
1667,12:30,PM,250,10,June,2015,6,6/10/2015,Wednesday
1668,13:00,PM,701,10,June,2015,6,6/10/2015,Wednesday
1669,13:30,PM,35,10,June,2015,6,6/10/2015,Wednesday
1670,17:00,PM,188,10,June,2015,6,6/10/2015,Wednesday
1671,11:00,AM,31,11,June,2015,6,6/11/2015,Thursday
1672,11:30,AM,80,11,June,2015,6,6/11/2015,Thursday
1673,12:00,PM,435,11,June,2015,6,6/11/2015,Thursday
1674,12:30,PM,293,11,June,2015,6,6/11/2015,Thursday
1675,13:00,PM,245,11,June,2015,6,6/11/2015,Thursday
1676,13:30,PM,88,11,June,2015,6,6/11/2015,Thursday
1677,14:00,PM,39,11,June,2015,6,6/11/2015,Thursday
1678,15:30,PM,107,11,June,2015,6,6/11/2015,Thursday
1679,17:00,PM,174,11,June,2015,6,6/11/2015,Thursday
1680,11:00,AM,149,12,June,2015,6,6/12/2015,Friday
1681,11:30,AM,304,12,June,2015,6,6/12/2015,Friday
1682,12:00,PM,165,12,June,2015,6,6/12/2015,Friday
1683,12:30,PM,385,12,June,2015,6,6/12/2015,Friday
1684,13:00,PM,172,12,June,2015,6,6/12/2015,Friday
1685,17:30,PM,60,12,June,2015,6,6/12/2015,Friday
1686,11:00,AM,17,13,June,2015,6,6/13/2015,Saturday
1687,11:30,AM,148,13,June,2015,6,6/13/2015,Saturday
1688,12:00,PM,332,13,June,2015,6,6/13/2015,Saturday
1689,12:30,PM,32,13,June,2015,6,6/13/2015,Saturday
1690,13:00,PM,80,13,June,2015,6,6/13/2015,Saturday
1691,17:00,PM,166,13,June,2015,6,6/13/2015,Saturday
1692,12:00,PM,153,14,June,2015,6,6/14/2015,Sunday
1693,12:30,PM,65,14,June,2015,6,6/14/2015,Sunday
1694,13:00,PM,82,14,June,2015,6,6/14/2015,Sunday
1695,13:30,PM,97,14,June,2015,6,6/14/2015,Sunday
1696,8:30,AM,6,15,June,2015,6,6/15/2015,Monday
1697,11:00,AM,142,15,June,2015,6,6/15/2015,Monday
1698,11:30,AM,231,15,June,2015,6,6/15/2015,Monday
1699,12:00,PM,37,15,June,2015,6,6/15/2015,Monday
1700,13:00,PM,30,15,June,2015,6,6/15/2015,Monday
1701,14:00,PM,40,15,June,2015,6,6/15/2015,Monday
1702,17:00,PM,58,15,June,2015,6,6/15/2015,Monday
1703,11:30,AM,197,16,June,2015,6,6/16/2015,Tuesday
1704,12:00,PM,43,16,June,2015,6,6/16/2015,Tuesday
1705,12:30,PM,83,16,June,2015,6,6/16/2015,Tuesday
1706,13:00,PM,96,16,June,2015,6,6/16/2015,Tuesday
1707,13:30,PM,68,16,June,2015,6,6/16/2015,Tuesday
1708,16:30,PM,150,16,June,2015,6,6/16/2015,Tuesday
1709,17:30,PM,450,16,June,2015,6,6/16/2015,Tuesday
1710,7:00,AM,49,17,June,2015,6,6/17/2015,Wednesday
1711,11:00,AM,134,17,June,2015,6,6/17/2015,Wednesday
1712,11:30,AM,49,17,June,2015,6,6/17/2015,Wednesday
1713,12:00,PM,529,17,June,2015,6,6/17/2015,Wednesday
1714,12:30,PM,267,17,June,2015,6,6/17/2015,Wednesday
1715,13:00,PM,234,17,June,2015,6,6/17/2015,Wednesday
1716,11:30,AM,91,18,June,2015,6,6/18/2015,Thursday
1717,12:00,PM,99,18,June,2015,6,6/18/2015,Thursday
1718,12:30,PM,173,18,June,2015,6,6/18/2015,Thursday
1719,13:00,PM,38,18,June,2015,6,6/18/2015,Thursday
1720,18:00,PM,100,18,June,2015,6,6/18/2015,Thursday
1721,11:00,AM,95,19,June,2015,6,6/19/2015,Friday
1722,11:30,AM,79,19,June,2015,6,6/19/2015,Friday
1723,12:00,PM,181,19,June,2015,6,6/19/2015,Friday
1724,12:30,PM,52,19,June,2015,6,6/19/2015,Friday
1725,13:00,PM,205,19,June,2015,6,6/19/2015,Friday
1726,11:00,AM,18,20,June,2015,6,6/20/2015,Saturday
1727,12:00,PM,40,20,June,2015,6,6/20/2015,Saturday
1728,12:30,PM,38,20,June,2015,6,6/20/2015,Saturday
1729,12:30,PM,212,21,June,2015,6,6/21/2015,Sunday
1730,13:00,PM,63,21,June,2015,6,6/21/2015,Sunday
1731,12:00,PM,211,22,June,2015,6,6/22/2015,Monday
1732,12:30,PM,39,22,June,2015,6,6/22/2015,Monday
1733,13:00,PM,49,22,June,2015,6,6/22/2015,Monday
1734,13:30,PM,44,22,June,2015,6,6/22/2015,Monday
1735,12:00,PM,95,23,June,2015,6,6/23/2015,Tuesday
1736,13:00,PM,55,23,June,2015,6,6/23/2015,Tuesday
1737,13:30,PM,36,23,June,2015,6,6/23/2015,Tuesday
1738,14:00,PM,28,23,June,2015,6,6/23/2015,Tuesday
1739,16:30,PM,200,23,June,2015,6,6/23/2015,Tuesday
1740,11:30,AM,65,24,June,2015,6,6/24/2015,Wednesday
1741,12:00,PM,114,24,June,2015,6,6/24/2015,Wednesday
1742,12:30,PM,367,24,June,2015,6,6/24/2015,Wednesday
1743,11:00,AM,39,25,June,2015,6,6/25/2015,Thursday
1744,12:00,PM,44,25,June,2015,6,6/25/2015,Thursday
1745,13:00,PM,45,25,June,2015,6,6/25/2015,Thursday
1746,11:00,AM,42,26,June,2015,6,6/26/2015,Friday
1747,11:30,AM,31,26,June,2015,6,6/26/2015,Friday
1748,12:00,PM,368,26,June,2015,6,6/26/2015,Friday
1749,11:30,AM,15,27,June,2015,6,6/27/2015,Saturday
1750,12:30,PM,55,27,June,2015,6,6/27/2015,Saturday
1751,12:00,PM,72,28,June,2015,6,6/28/2015,Sunday
1752,12:30,PM,18,28,June,2015,6,6/28/2015,Sunday
1753,13:00,PM,40,28,June,2015,6,6/28/2015,Sunday
1754,11:30,AM,47,29,June,2015,6,6/29/2015,Monday
1755,13:00,PM,89,30,June,2015,6,6/30/2015,Tuesday
1756,13:00,PM,31,1,July,2015,7,7/1/2015,Wednesday
1757,12:00,PM,27,2,July,2015,7,7/2/2015,Thursday
1758,13:00,PM,56,2,July,2015,7,7/2/2015,Thursday
1759,18:00,PM,27,2,July,2015,7,7/2/2015,Thursday
1760,12:00,PM,300,5,July,2015,7,7/5/2015,Sunday
1761,13:30,PM,120,5,July,2015,7,7/5/2015,Sunday
1762,13:00,PM,37,9,July,2015,7,7/9/2015,Thursday
1763,17:30,PM,53,13,July,2015,7,7/13/2015,Monday
1764,12:00,PM,110,16,July,2015,7,7/16/2015,Thursday
1765,12:00,PM,110,17,July,2015,7,7/17/2015,Friday
1766,18:00,PM,55,17,July,2015,7,7/17/2015,Friday
1767,12:00,PM,180,18,July,2015,7,7/18/2015,Saturday
1768,13:30,PM,87,18,July,2015,7,7/18/2015,Saturday
1769,13:30,PM,101,19,July,2015,7,7/19/2015,Sunday
1770,12:00,PM,40,21,July,2015,7,7/21/2015,Sunday
1771,12:30,PM,52,23,July,2015,7,7/23/2015,Friday
1772,13:30,PM,53,23,July,2015,7,7/23/2015,Saturday
1773,17:00,PM,200,24,July,2015,7,7/24/2015,Saturday
1774,17:30,PM,160,24,July,2015,7,7/24/2015,Monday
1775,11:00,AM,30,25,July,2015,7,7/25/2015,Thursday
1776,12:00,PM,120,25,July,2015,7,7/25/2015,Wednesday
1777,12:30,PM,83,25,July,2015,7,7/25/2015,Monday
1778,13:30,PM,37,26,July,2015,7,7/26/2015,Thursday
1779,12:00,PM,29,29,July,2015,7,7/29/2015,Wednesday
1780,18:00,PM,33,30,July,2015,7,7/30/2015,Sunday
